[ 1717657119.13077, Thu Jun  6 14:58:39 2024 ]
1717657120.87171,0.00324306,-0.00235637,0.0377019,6.39876,-1.92987,768.302,-0,0,-0,0,0,0,0,0,0,0,0,0,0,0,0,0,0,0,0,0,0,0.023376,0.0769952,0.0608406,0.0717381,0.0990317,0.0782726,-0.01474,0.134643,0.0953677,
1717657170.50498,0.00396168,-0.00276936,0.0376058,6.62794,-1.61324,768.327,0.925024,6.4149e-07,-1.76469e-06,-76.7992,260.349,641.125,-0.643542,-0.435109,1.06396,0.531079,0.512751,-0.126188,18.2746,-32.5449,14.2703,26.1651,12.2122,-38.3773,16.6894,-2.25158,-14.4378,0.0252403,1.4535,0.0116084,0.0475845,0.0914842,0.66206,-0.0491568,0.113894,0.519833,
1717657173.28698,0.742247,-0.061241,0.0467027,-106.236,182.704,702.172,0.925024,6.4149e-07,-1.76469e-06,-76.7992,260.349,641.125,-0.0272692,0.03502,0.000576704,0.0254789,0.00378876,0.0114983,-1.47084,-0.256445,1.72728,-2.93476,2.51251,0.422251,-1.54528,2.77115,-1.22586,0.0345617,1.47459,0.00431475,0.0680222,0.0839367,0.562572,-0.0338604,0.0591899,0.579147,
1717657175.11024,0.725532,-0.0315935,0.0347135,-97.3207,188.829,701.621,0.925024,6.4149e-07,-1.76469e-06,-76.7992,260.349,641.125,-0.0189631,0.0192104,0.00572474,0.0168751,0.00612102,0.0077789,-0.806838,-0.286328,1.09317,-1.60344,1.62896,-0.0255247,-0.810745,1.61436,-0.803612,0.0326974,1.51868,0.00249133,0.0661642,0.0820498,0.577589,-0.0319484,0.0573035,0.588415,
1717657176.16578,0.715515,0.00101084,0.0293136,-93.7267,192.506,700.53,0.925024,6.4149e-07,-1.76469e-06,-76.7992,260.349,641.125,-0.0143183,0.0070989,0.00860494,0.0102274,0.00754874,0.00489498,-0.298154,-0.371723,0.669876,-0.665395,0.903376,-0.237981,-0.362679,0.765891,-0.403212,0.0289688,1.5321,-0.0011555,0.0624483,0.0745023,0.620763,-0.0357725,0.0610762,0.57544,
1717657176.6133,0.70308,0.0153842,0.0267295,-91.8193,191.636,699.76,0.925024,6.4149e-07,-1.76469e-06,-76.7992,260.349,641.125,-0.0121714,0.00143879,0.00986142,0.00709481,0.00817118,0.00353795,-0.0604291,-0.412497,0.472926,-0.230153,0.560624,-0.33047,-0.157783,0.369979,-0.212195,0.023376,1.53402,-0.0011555,0.0550164,0.0801629,0.643288,-0.0300364,0.0535308,0.597683,
1717657177.10918,0.701558,0.0236503,0.0201496,-91.6884,191.728,699.572,0.925024,6.4149e-07,-1.76469e-06,-76.7992,260.349,641.125,-0.0120763,-0.00111566,0.0101229,0.00574656,0.00843287,0.00297845,0.0468579,-0.462682,0.415824,-0.0698954,0.393395,-0.3235,-0.114571,0.210828,-0.0962573,0.023376,1.58003,-0.00480235,0.0605903,0.0726154,0.654551,-0.0319484,0.0667352,0.60139,
1717657177.60497,0.706143,0.0331659,0.0266211,-93.3386,195.384,697.516,0.925024,6.4149e-07,-1.76469e-06,-76.7992,260.349,641.125,-0.0107484,-0.00241878,0.0107798,0.00498518,0.00866383,0.0026458,0.101589,-0.441746,0.340158,0.0670496,0.330616,-0.397665,-0.0174185,0.100837,-0.0834186,0.0345617,1.62412,-0.012096,0.0568743,0.0745023,0.682708,-0.0338604,0.0610762,0.618072,
1717657178.10086,0.720059,0.0372507,0.0274063,-95.815,200.462,695.041,0.925024,6.4149e-07,-1.76469e-06,-76.7992,260.349,641.125,-0.0103286,-0.00149038,0.0107858,0.005432,0.00856409,0.0028641,0.0625961,-0.406981,0.344385,0.0245819,0.398191,-0.422773,-0.00983707,0.148997,-0.13916,0.0289688,1.68547,-0.00662574,0.0494424,0.0763892,0.669568,-0.0338604,0.0591899,0.638461,
1717657178.61251,0.718542,0.0386007,0.0260414,-96.8726,200.452,693.6,0.925024,6.4149e-07,-1.76469e-06,-76.7992,260.349,641.125,-0.0097862,-0.00102138,0.0109063,0.00564059,0.00852888,0.00297578,0.0428978,-0.377403,0.334505,0.0161331,0.438357,-0.454491,0.0126387,0.166217,-0.178856,0.0308331,1.70656,-0.0102726,0.0475845,0.078276,0.671445,-0.0319484,0.0573035,0.640315,
1717657179.10839,0.727488,0.0432018,0.024995,-97.9491,203.791,691.503,0.925024,6.4149e-07,-1.76469e-06,-76.7992,260.349,641.125,-0.00940125,-0.00136156,0.0108641,0.00535933,0.00845716,0.00286505,0.0571857,-0.370545,0.31336,0.0470069,0.413354,-0.460361,0.0313484,0.136767,-0.168115,0.0326974,1.73148,-0.00480235,0.0494424,0.0763892,0.701479,-0.0376845,0.0591899,0.634754,
1717657179.60424,0.732561,0.0491133,0.0260361,-98.8735,205.443,689.792,0.925024,6.4149e-07,-1.76469e-06,-76.7992,260.349,641.125,-0.00941025,-0.00212969,0.010575,0.00481684,0.00832672,0.00263667,0.089447,-0.387003,0.297556,0.0849536,0.346459,-0.431413,0.0285775,0.0893229,-0.1179,0.0308331,1.74107,-0.00844917,0.0494424,0.0726154,0.705234,-0.0415086,0.0516446,0.631047,
1717657180.10008,0.751523,0.0630924,0.0290739,-103.308,212.615,686.216,0.925024,6.4149e-07,-1.76469e-06,-76.7992,260.349,641.125,-0.00856509,-0.00220625,0.0106595,0.00462782,0.00823579,0.00254906,0.0926623,-0.35787,0.265208,0.118962,0.344568,-0.463531,0.0689693,0.0654859,-0.134455,0.0476116,1.77558,-0.0139194,0.0420105,0.0745023,0.733391,-0.0415086,0.0440992,0.651436,
1717657180.61192,0.758091,0.0663333,0.0309717,-104.366,214.486,684.422,0.925024,6.4149e-07,-1.76469e-06,-76.7992,260.349,641.125,-0.00867884,-0.00206792,0.0102569,0.00457051,0.00801156,0.00254059,0.0868528,-0.359102,0.272249,0.0966321,0.336792,-0.433424,0.0470181,0.0761016,-0.12312,0.0326974,1.81392,-0.0157428,0.0401526,0.0745023,0.74653,-0.0395966,0.0384402,0.655143,
1717657181.10767,0.767044,0.0697645,0.0319811,-105.604,217.194,682.406,0.925024,6.4149e-07,-1.76469e-06,-76.7992,260.349,641.125,-0.00868,-0.00182933,0.0098887,0.00456144,0.00778228,0.00255168,0.076832,-0.354134,0.277302,0.0727304,0.33769,-0.41042,0.0300683,0.0904655,-0.120534,0.0364259,1.83309,-0.0102726,0.0364366,0.0763892,0.75967,-0.0434206,0.0497582,0.649583,
1717657181.60345,0.764224,0.0682648,0.0335612,-105.076,216.001,681.442,0.925024,6.4149e-07,-1.76469e-06,-76.7992,260.349,641.125,-0.00867364,-0.00170245,0.00956049,0.00450458,0.0075811,0.00254007,0.0715027,-0.351238,0.279735,0.0567306,0.332482,-0.389213,0.0162455,0.0978526,-0.114098,0.0382902,1.84459,-0.0139194,0.0457265,0.078276,0.770933,-0.0415086,0.0497582,0.660704,
1717657182.09917,0.770942,0.0735918,0.0347015,-106.977,218.222,679.397,0.925024,6.4149e-07,-1.76469e-06,-76.7992,260.349,641.125,-0.00839679,-0.00144918,0.00934138,0.0045062,0.00738899,0.0025491,0.0608655,-0.33585,0.274984,0.0446116,0.340968,-0.385579,0.0167745,0.107083,-0.123857,0.0476116,1.85801,-0.012096,0.0457265,0.0726154,0.795336,-0.0395966,0.0478719,0.669972,
1717657182.61099,0.778063,0.0757384,0.0354023,-107.924,220.413,677.467,0.925024,6.4149e-07,-1.76469e-06,-76.7992,260.349,641.125,-0.00818944,-0.00107653,0.00904626,0.00456116,0.00715545,0.00258468,0.0452142,-0.320482,0.275268,0.0210347,0.354633,-0.375668,0.0100256,0.12522,-0.135246,0.0494759,1.8791,-0.0102726,0.0420105,0.0707285,0.806599,-0.0395966,0.0459855,0.673679,
1717657183.10687,0.784102,0.0786666,0.0310946,-109.401,221.437,675.812,0.925024,6.4149e-07,-1.76469e-06,-76.7992,260.349,641.125,-0.008435,-0.000496964,0.00846658,0.00471707,0.0068198,0.0026803,0.0208725,-0.317243,0.296371,-0.0370455,0.370758,-0.333712,-0.0294721,0.166102,-0.13663,0.0438831,1.90211,-0.0139194,0.0438685,0.0745023,0.806599,-0.0319484,0.0440992,0.677386,
1717657183.60256,0.791857,0.0800043,0.0364011,-109.334,224.478,673.981,0.925024,6.4149e-07,-1.76469e-06,-76.7992,260.349,641.125,-0.0079582,-0.000733027,0.00838272,0.00446164,0.00669638,0.00255833,0.0307871,-0.304858,0.274071,-0.0100319,0.350418,-0.340386,-0.00963477,0.141059,-0.131425,0.0476116,1.94429,-0.0157428,0.0475845,0.0726154,0.83851,-0.0357725,0.0478719,0.664411,
1717657184.09842,0.795263,0.0862772,0.033884,-111.317,225.062,672.374,0.925024,6.4149e-07,-1.76469e-06,-76.7992,260.349,641.125,-0.00793305,-0.000682036,0.00798353,0.00433472,0.00644814,0.00250781,0.0286455,-0.302872,0.274226,-0.0227628,0.336488,-0.313726,-0.0245517,0.143435,-0.118884,0.0550687,1.97688,-0.0102726,0.0475845,0.0726154,0.847895,-0.0281243,0.0535308,0.671825,
1717657184.61008,0.80103,0.0872702,0.0393435,-111.486,226.882,670.827,0.925024,6.4149e-07,-1.76469e-06,-76.7992,260.349,641.125,-0.00783726,-0.000557707,0.00763205,0.00425269,0.00621142,0.00247661,0.0234237,-0.296777,0.273353,-0.0364141,0.329853,-0.293439,-0.0354365,0.148778,-0.113342,0.0494759,1.95771,-0.012096,0.0550164,0.0688417,0.891069,-0.0319484,0.0497582,0.673679,
1717657185.10601,0.807619,0.089352,0.0391551,-111.741,228.231,669.75,0.925024,6.4149e-07,-1.76469e-06,-76.7992,260.349,641.125,-0.00832531,-0.000744194,0.00701536,0.00401208,0.00594028,0.00238196,0.0312561,-0.318445,0.287189,-0.0567721,0.289497,-0.232725,-0.0780155,0.147791,-0.0697758,0.056933,1.95387,-0.0157428,0.0513004,0.0763892,0.876052,-0.0223882,0.0478719,0.662558,
1717657185.60185,0.813507,0.0950411,0.0402027,-113.546,231.077,667.536,0.925024,6.4149e-07,-1.76469e-06,-76.7992,260.349,641.125,-0.00717867,-0.000715203,0.0073101,0.00391488,0.00590658,0.00231171,0.0300385,-0.27613,0.246091,-0.0143139,0.304254,-0.28994,-0.0178997,0.124394,-0.106494,0.0494759,2.0133,-0.0139194,0.0494424,0.0726154,0.853527,-0.0281243,0.0478719,0.694068,
1717657186.09755,0.815719,0.0946842,0.0406086,-113.612,232.931,665.94,0.925024,6.4149e-07,-1.76469e-06,-76.7992,260.349,641.125,-0.00589185,-0.000516867,0.00780775,0.00396232,0.00595883,0.00230986,0.0217084,-0.225159,0.20345,0.0274241,0.340264,-0.367689,0.0541168,0.10846,-0.162577,0.0532044,2.02864,-0.0102726,0.0457265,0.0726154,0.883561,-0.0319484,0.0459855,0.708897,
1717657186.6094,0.818698,0.099932,0.036018,-114.978,233.211,664.635,0.925024,6.4149e-07,-1.76469e-06,-76.7992,260.349,641.125,-0.00593443,-0.000716302,0.00737378,0.00369177,0.00571391,0.0021818,0.0300847,-0.230896,0.200811,0.0271879,0.306298,-0.333486,0.0378336,0.0967571,-0.134591,0.0606615,2.04781,-0.0175662,0.0475845,0.0726154,0.885438,-0.0338604,0.0478719,0.70519,
1717657187.10519,0.825913,0.104084,0.0415756,-115.339,235.733,662.921,0.925024,6.4149e-07,-1.76469e-06,-76.7992,260.349,641.125,-0.00567269,-0.00130849,0.00708872,0.00319927,0.005527,0.00192789,0.0549567,-0.233811,0.178855,0.0645799,0.250447,-0.315027,0.0447798,0.0542826,-0.0990624,0.0606615,2.08424,-0.0175662,0.0550164,0.0763892,0.919226,-0.0281243,0.0403265,0.694068,
1717657187.6011,0.82941,0.105466,0.0437976,-115.64,236.159,661.929,0.925024,6.4149e-07,-1.76469e-06,-76.7992,260.349,641.125,-0.00599507,-0.00117366,0.00649639,0.00310418,0.00521916,0.00189406,0.0492935,-0.242706,0.193412,0.0313845,0.233119,-0.264504,0.00665612,0.0689908,-0.075647,0.0606615,2.11108,-0.0157428,0.0494424,0.0745023,0.937998,-0.0281243,0.0422128,0.671825,
1717657188.11277,0.840869,0.111346,0.0477149,-117.767,239.589,659.759,0.925024,6.4149e-07,-1.76469e-06,-76.7992,260.349,641.125,-0.00592252,-0.000694657,0.00603955,0.00317424,0.0048971,0.0019324,0.0291756,-0.230008,0.200833,-0.00658389,0.246155,-0.239571,-0.0132439,0.0961809,-0.082937,0.0643901,2.12833,-0.0102726,0.0513004,0.0688417,0.951138,-0.0281243,0.0384402,0.692215,
1717657188.60854,0.845955,0.113752,0.0475689,-118.52,240.981,658.453,0.925024,6.4149e-07,-1.76469e-06,-76.7992,260.349,641.125,-0.00577608,-0.000551865,0.00575629,0.00311335,0.00468807,0.00190172,0.0231783,-0.221683,0.198504,-0.0175687,0.243209,-0.22564,-0.0194998,0.101379,-0.0818788,0.0625258,2.136,-0.0157428,0.0513004,0.0707285,0.958646,-0.0243003,0.0478719,0.695922,
1717657189.10435,0.848729,0.116883,0.0491336,-119.578,241.82,657.152,0.925024,6.4149e-07,-1.76469e-06,-76.7992,260.349,641.125,-0.00545508,-0.000337707,0.0055685,0.00309467,0.004499,0.00188682,0.0141837,-0.20551,0.191326,-0.0248863,0.249533,-0.224647,-0.0154156,0.10718,-0.0917642,0.0681186,2.136,-0.012096,0.0531584,0.0688417,0.943629,-0.0243003,0.0535308,0.716311,
1717657189.60024,0.858233,0.123601,0.0468717,-121.757,245.305,654.92,0.925024,6.4149e-07,-1.76469e-06,-76.7992,260.349,641.125,-0.00461578,-0.000282749,0.00567357,0.0030007,0.00439945,0.00181399,0.0118755,-0.173828,0.161953,0.00151927,0.257255,-0.258774,0.0239295,0.0920748,-0.116004,0.0699829,2.14942,-0.012096,0.0550164,0.0726154,0.960523,-0.0262123,0.0459855,0.7367,
1717657190.11205,0.849539,0.117031,0.0456286,-119.061,242.194,655.373,0.925024,6.4149e-07,-1.76469e-06,-76.7992,260.349,641.125,-0.00449252,-0.000632457,0.00549951,0.00271637,0.00429267,0.00166452,0.0265632,-0.176688,0.150125,0.0224738,0.224069,-0.246543,0.0264527,0.0677808,-0.0942335,0.0662544,2.18009,-0.0139194,0.0513004,0.0763892,0.990557,-0.0300364,0.0403265,0.720018,
1717657190.60789,0.864971,0.127702,0.0465272,-122.211,247.107,652.931,0.925024,6.4149e-07,-1.76469e-06,-76.7992,260.349,641.125,-0.00433599,-0.000756713,0.00518032,0.00249083,0.00407545,0.00154181,0.031782,-0.173604,0.141822,0.0274207,0.199963,-0.227384,0.0222761,0.0563117,-0.0785878,0.0625258,2.1916,-0.0102726,0.0531584,0.0726154,0.98868,-0.0300364,0.0403265,0.71075,
1717657191.10377,0.863741,0.127031,0.049822,-121.346,246.562,652.429,0.925024,6.4149e-07,-1.76469e-06,-76.7992,260.349,641.125,-0.00423277,-0.0010813,0.00489172,0.00217777,0.00390132,0.0013732,0.0454146,-0.176666,0.131251,0.0436553,0.162978,-0.206633,0.0192588,0.0338086,-0.0530674,0.0606615,2.1916,-0.012096,0.0457265,0.0745023,0.990557,-0.0300364,0.0516446,0.707043,
1717657191.59948,0.868189,0.128852,0.0504236,-121.743,247.874,651.232,0.925024,6.4149e-07,-1.76469e-06,-76.7992,260.349,641.125,-0.00397803,-0.00106047,0.00466444,0.00204749,0.00371233,0.00129558,0.0445398,-0.166963,0.122423,0.0453133,0.153275,-0.198588,0.0211926,0.0290944,-0.050287,0.0662544,2.20885,-0.0175662,0.0513004,0.0669547,1.00182,-0.0338604,0.0497582,0.714457,
1717657192.11133,0.875779,0.134221,0.0499341,-123.738,250.162,649.619,0.925024,6.4149e-07,-1.76469e-06,-76.7992,260.349,641.125,-0.0037297,-0.000704894,0.00446132,0.00211118,0.00351618,0.00132255,0.0296055,-0.150463,0.120858,0.026881,0.168718,-0.195599,0.020005,0.0449923,-0.0649973,0.0699829,2.22419,-0.0157428,0.0550164,0.0669547,1.0037,-0.0300364,0.0459855,0.721872,
1717657192.60701,0.875453,0.132008,0.0509589,-122.901,249.748,649.243,0.925024,6.4149e-07,-1.76469e-06,-76.7992,260.349,641.125,-0.00369522,-0.000606791,0.00418664,0.00204883,0.00333494,0.00128969,0.0254852,-0.147149,0.121664,0.0154104,0.162778,-0.178189,0.00980895,0.0498539,-0.0596628,0.0681186,2.24911,-0.0175662,0.0494424,0.0669547,1.01871,-0.0319484,0.0403265,0.720018,
1717657193.10293,0.88259,0.137058,0.0506177,-124.639,251.919,647.733,0.925024,6.4149e-07,-1.76469e-06,-76.7992,260.349,641.125,-0.00344854,-0.000387355,0.00399255,0.00204298,0.00315314,0.00127904,0.0162689,-0.133569,0.1173,0.00539258,0.168932,-0.174324,0.0104264,0.057528,-0.0679545,0.0737115,2.26061,-0.0139194,0.0550164,0.0688417,1.03373,-0.0338604,0.0440992,0.718165,
1717657193.59878,0.880453,0.135753,0.052414,-124.03,251.011,647.525,0.925024,6.4149e-07,-1.76469e-06,-76.7992,260.349,641.125,-0.00339719,-0.000373139,0.00377321,0.00195401,0.00300805,0.00123075,0.0156718,-0.131402,0.11573,0.000899304,0.159578,-0.160477,0.00402315,0.0569908,-0.061014,0.0737115,2.2702,-0.0102726,0.0587323,0.0707285,1.04875,-0.0281243,0.0497582,0.708897,
1717657194.1105,0.88396,0.140123,0.0478096,-125.877,251.575,646.252,0.925024,6.4149e-07,-1.76469e-06,-76.7992,260.349,641.125,-0.0031807,9.944e-05,0.00348748,0.0020558,0.00275736,0.00127974,-0.00417648,-0.113604,0.11778,-0.027794,0.179584,-0.15179,-0.00302992,0.0806543,-0.0776244,0.0793043,2.26445,-0.012096,0.0624483,0.0688417,1.04499,-0.0300364,0.0422128,0.720018,
1717657194.60641,0.889776,0.141332,0.0511661,-126.14,253.734,645.049,0.925024,6.4149e-07,-1.76469e-06,-76.7992,260.349,641.125,-0.00277784,0.00018021,0.00344585,0.00200542,0.00264742,0.00123834,-0.00756884,-0.0972543,0.104823,-0.0206556,0.18276,-0.162104,0.0116899,0.0766647,-0.0883546,0.0793043,2.27212,-0.0139194,0.0624483,0.0726154,1.04499,-0.0262123,0.0440992,0.734847,
1717657195.10216,0.889514,0.139445,0.0513136,-125.367,253.259,644.798,0.925024,6.4149e-07,-1.76469e-06,-76.7992,260.349,641.125,-0.00281689,0.000213995,0.00314904,0.00191471,0.00247037,0.00119188,-0.00898781,-0.0979649,0.106953,-0.031176,0.171311,-0.140135,-0.00178659,0.0792424,-0.0774558,0.0755757,2.29512,-0.012096,0.0587323,0.0763892,1.05063,-0.0281243,0.0440992,0.716311,
1717657195.59798,0.89702,0.145453,0.0513795,-127.094,255.37,643.36,0.925024,6.4149e-07,-1.76469e-06,-76.7992,260.349,641.125,-0.00276109,0.000180021,0.00280531,0.0017499,0.00225081,0.00109956,-0.0075609,-0.0966487,0.10421,-0.0355108,0.152532,-0.117022,-0.012246,0.0755329,-0.0632869,0.0830328,2.30471,-0.0102726,0.0605903,0.0707285,1.05813,-0.0204762,0.0478719,0.714457,
1717657196.10987,0.895366,0.147021,0.0507856,-127.118,254.439,643.085,0.925024,6.4149e-07,-1.76469e-06,-76.7992,260.349,641.125,-0.00278382,-0.000129513,0.00250495,0.00146787,0.00209354,0.000944918,0.00543953,-0.103976,0.0985364,-0.0244713,0.116182,-0.0917103,-0.0212958,0.0568272,-0.0355313,0.0793043,2.27212,-0.012096,0.0587323,0.0669547,1.11069,-0.0223882,0.0535308,0.701482,
1717657196.60572,0.899268,0.148449,0.0523354,-126.978,255.485,642.674,0.925024,6.4149e-07,-1.76469e-06,-76.7992,260.349,641.125,-0.00299729,-0.000540213,0.00221207,0.00117072,0.00198592,0.000789146,0.022689,-0.120365,0.097676,-0.0132604,0.0732777,-0.0600173,-0.0370765,0.0361639,0.000912514,0.0867614,2.2817,-0.0139194,0.0587323,0.0707285,1.12383,-0.0243003,0.0516446,0.690361,
1717657197.10137,0.900619,0.150037,0.0521193,-127.562,256.186,641.991,0.925024,6.4149e-07,-1.76469e-06,-76.7992,260.349,641.125,-0.00254837,-0.000452225,0.00234309,0.00118286,0.00197256,0.000778347,0.0189934,-0.102189,0.0831952,-0.00083846,0.084942,-0.0841036,-0.0138193,0.031785,-0.0179656,0.0830328,2.2817,-0.012096,0.0643062,0.0688417,1.10694,-0.0243003,0.0440992,0.694068,
1717657197.59724,0.902246,0.151018,0.0519086,-127.964,256.752,641.324,0.925024,6.4149e-07,-1.76469e-06,-76.7992,260.349,641.125,-0.00223766,-0.000297192,0.00233021,0.00120097,0.00189267,0.000776305,0.0124821,-0.0876317,0.0751497,-0.000459732,0.0948251,-0.0943654,-0.00276365,0.03434,-0.0315763,0.0811686,2.34113,-0.0139194,0.0605903,0.0707285,1.07878,-0.0204762,0.0422128,0.707043,
1717657198.10897,0.903903,0.151041,0.0532766,-128.309,257.875,640.409,0.925024,6.4149e-07,-1.76469e-06,-76.7992,260.349,641.125,-0.00146142,7.55952e-05,0.0026355,0.00137317,0.00190031,0.000841355,-0.003175,-0.0515689,0.0547439,0.00931741,0.134548,-0.143865,0.0379958,0.0403132,-0.078309,0.0923542,2.31238,-0.00480235,0.0605903,0.0669547,1.08629,-0.0243003,0.0516446,0.731139,
1717657198.60479,0.906977,0.150202,0.0492243,-128.113,258.28,640.031,0.925024,6.4149e-07,-1.76469e-06,-76.7992,260.349,641.125,-0.00160707,0.000204401,0.00232984,0.00134949,0.00173149,0.000835198,-0.00858484,-0.0541615,0.0627463,-0.0106084,0.129545,-0.118937,0.0185623,0.050945,-0.0695074,0.09049,2.32196,-0.0139194,0.0661642,0.0650678,1.0938,-0.0262123,0.0516446,0.734847,
1717657199.10054,0.90822,0.152479,0.0508249,-128.388,258.291,639.661,0.925024,6.4149e-07,-1.76469e-06,-76.7992,260.349,641.125,-0.00181488,-4.40817e-05,0.00195772,0.00110776,0.00156238,0.000708297,0.00185143,-0.0669386,0.0650872,-0.0109754,0.0944298,-0.0834544,-0.00184951,0.0399284,-0.0380789,0.09049,2.35455,-0.0139194,0.0680222,0.0650678,1.09755,-0.0223882,0.0440992,0.721872,
1717657199.61233,0.908348,0.154326,0.053201,-128.233,258.267,639.384,0.925024,6.4149e-07,-1.76469e-06,-76.7992,260.349,641.125,-0.00183085,-0.000582361,0.00174678,0.000736421,0.00147651,0.000499222,0.0244592,-0.0788234,0.0543642,0.0165733,0.0457854,-0.0623587,-0.00460086,0.00728793,-0.00268706,0.0830328,2.3258,-0.0157428,0.0643062,0.0688417,1.15762,-0.0185641,0.0440992,0.697775,
1717657200.10817,0.905832,0.153793,0.0562821,-127.595,257.153,639.75,0.925024,6.4149e-07,-1.76469e-06,-76.7992,260.349,641.125,-0.00218301,-0.000859284,0.00144721,0.000535483,0.00138322,0.000400858,0.0360899,-0.0974476,0.0613576,0.0149994,0.0123414,-0.0273408,-0.0280725,-0.00220986,0.0302824,0.0830328,2.31046,-0.0139194,0.0643062,0.0707285,1.1351,-0.0166521,0.0440992,0.666265,
1717657200.60402,0.911622,0.156491,0.0525038,-129.046,259.066,638.714,0.925024,6.4149e-07,-1.76469e-06,-76.7992,260.349,641.125,-0.00181588,-0.00039554,0.00155591,0.00075722,0.00134309,0.000511127,0.0166127,-0.0743556,0.0577429,0.00115958,0.050006,-0.0511656,-0.0133907,0.0180089,-0.00461819,0.0811686,2.32771,-0.012096,0.0587323,0.0707285,1.15762,-0.0204762,0.0440992,0.681093,
1717657201.0998,0.907286,0.153851,0.0555674,-128.201,257.836,638.929,0.925024,6.4149e-07,-1.76469e-06,-76.7992,260.349,641.125,-0.00160513,-0.000271702,0.00160972,0.000804499,0.00132557,0.000529315,0.0114115,-0.0640892,0.0526777,0.00173817,0.061026,-0.0627642,-0.0036959,0.020962,-0.0172661,0.0886257,2.33346,-0.0139194,0.0624483,0.0707285,1.1595,-0.0185641,0.0478719,0.701482,
1717657201.61164,0.908726,0.153842,0.0552747,-128.273,258.241,638.576,0.925024,6.4149e-07,-1.76469e-06,-76.7992,260.349,641.125,-0.00149521,-0.000144472,0.0015549,0.000829806,0.00126076,0.000539402,0.00606783,-0.0574194,0.0513516,-0.00375651,0.0673047,-0.0635481,-0.00252968,0.0261908,-0.0236611,0.0867614,2.38331,-0.0157428,0.0624483,0.0726154,1.12008,-0.0185641,0.0403265,0.727432,
1717657202.10748,0.90933,0.153949,0.0563908,-128.438,258.761,638.105,0.925024,6.4149e-07,-1.76469e-06,-76.7992,260.349,641.125,-0.00107875,2.08569e-05,0.00171649,0.000902883,0.0012653,0.000563225,-0.000875991,-0.0387993,0.0396753,0.00353517,0.0860231,-0.0895583,0.0196413,0.0272962,-0.0469375,0.0923542,2.35839,-0.0175662,0.0587323,0.0726154,1.12008,-0.0243003,0.0440992,0.747822,
1717657202.60324,0.914688,0.157524,0.0532749,-129.712,260.133,637.167,0.925024,6.4149e-07,-1.76469e-06,-76.7992,260.349,641.125,-0.00103336,0.000163852,0.00150553,0.000886925,0.0011158,0.00055252,-0.00688177,-0.0341456,0.0410274,-0.00871373,0.0860883,-0.0773746,0.0118662,0.0346885,-0.0465547,0.0942185,2.36606,-0.0139194,0.0605903,0.0707285,1.1182,-0.0243003,0.0384402,0.747822,
1717657203.09902,0.916211,0.158148,0.053244,-129.585,260.358,636.878,0.925024,6.4149e-07,-1.76469e-06,-76.7992,260.349,641.125,-0.00111697,-2.77277e-05,0.00126669,0.000704958,0.00100033,0.000452457,0.00116456,-0.0412099,0.0400454,-0.00529846,0.0611057,-0.0558073,0.00125329,0.0245777,-0.025831,0.0886257,2.38331,-0.0175662,0.0624483,0.0688417,1.12571,-0.0262123,0.0459855,0.731139,
1717657203.61088,0.916977,0.15891,0.0545825,-129.433,260.649,636.644,0.925024,6.4149e-07,-1.76469e-06,-76.7992,260.349,641.125,-0.001057,-0.000311549,0.0011919,0.000511141,0.000964414,0.000338863,0.0130851,-0.0449889,0.0319039,0.0123539,0.0370426,-0.0493965,0.0041238,0.0059396,-0.0100634,0.0848971,2.38906,-0.0139194,0.0643062,0.0707285,1.12383,-0.0223882,0.0422128,0.723725,
1717657204.10671,0.914741,0.15982,0.0533599,-129.642,259.794,636.567,0.925024,6.4149e-07,-1.76469e-06,-76.7992,260.349,641.125,-0.000939524,-0.000371642,0.00113794,0.000434589,0.000912867,0.000289758,0.015609,-0.0419778,0.0263689,0.0186536,0.0298837,-0.0485373,0.00774789,-0.000365898,-0.007382,0.09049,2.38714,-0.0212131,0.0624483,0.0688417,1.12759,-0.0223882,0.0403265,0.725579,
1717657204.60252,0.91807,0.161077,0.0569459,-129.922,261.24,635.986,0.925024,6.4149e-07,-1.76469e-06,-76.7992,260.349,641.125,-0.000709445,-0.000389393,0.00121414,0.000411106,0.000915579,0.000265913,0.0163545,-0.0339819,0.0176275,0.0290891,0.0317537,-0.0608428,0.0207166,-0.00639283,-0.0143238,0.0867614,2.38139,-0.0157428,0.0568743,0.0726154,1.12759,-0.0243003,0.0648489,0.723725,
1717657205.09829,0.918919,0.161996,0.0558063,-130.369,261.349,635.707,0.925024,6.4149e-07,-1.76469e-06,-76.7992,260.349,641.125,-0.000673799,-0.000231314,0.00113668,0.000457962,0.000848849,0.00029141,0.00971519,-0.0293657,0.0196505,0.018745,0.0392891,-0.0580342,0.0174928,0.00229588,-0.0197887,0.0830328,2.37756,-0.012096,0.0587323,0.0726154,1.12571,-0.0223882,0.0573035,0.723725,
1717657205.61007,0.916386,0.162151,0.0519055,-130.713,260.013,635.782,0.925024,6.4149e-07,-1.76469e-06,-76.7992,260.349,641.125,-0.000748619,2.12598e-05,0.000962154,0.00053805,0.000737072,0.000341246,-0.000892912,-0.0267831,0.027676,-0.00331074,0.0491976,-0.0458869,0.00475306,0.0190069,-0.02376,0.0886257,2.37372,-0.012096,0.0587323,0.0688417,1.12946,-0.0262123,0.0478719,0.720018,
1717657206.10602,0.917282,0.161585,0.0529116,-130.458,260.223,635.623,0.925024,6.4149e-07,-1.76469e-06,-76.7992,260.349,641.125,-0.000757604,4.67792e-05,0.000855472,0.000510958,0.000671416,0.000326289,-0.00196473,-0.026574,0.0285388,-0.00767413,0.0459406,-0.0382665,-1.97198e-05,0.0206064,-0.0205867,0.09049,2.38139,-0.0157428,0.0661642,0.0688417,1.13322,-0.0223882,0.0459855,0.721872,
1717657206.60161,0.918653,0.158588,0.0572864,-129.115,260.895,635.626,0.925024,6.4149e-07,-1.76469e-06,-76.7992,260.349,641.125,-0.000745909,-0.000133289,0.000817624,0.000397184,0.000659873,0.000260241,0.00559816,-0.0299301,0.0243319,0.00288729,0.0311952,-0.0340825,0.00104164,0.00938496,-0.0104266,0.09049,2.39673,-0.0175662,0.0643062,0.0688417,1.13697,-0.0262123,0.0422128,0.721872,
1717657207.09751,0.922748,0.162493,0.0557948,-130.435,262.149,634.89,0.925024,6.4149e-07,-1.76469e-06,-76.7992,260.349,641.125,-0.000647576,-9.16974e-05,0.000765589,0.000379813,0.000605243,0.000245825,0.00385129,-0.02548,0.0216287,0.00234688,0.0314625,-0.0338094,0.00277995,0.00967583,-0.0124558,0.09049,2.39865,-0.0175662,0.0587323,0.0745023,1.1426,-0.0262123,0.0422128,0.721872,
1717657207.60923,0.920209,0.162897,0.0532384,-130.537,260.96,635.029,0.925024,6.4149e-07,-1.76469e-06,-76.7992,260.349,641.125,-0.000725708,-0.000125271,0.000615733,0.000316952,0.000531449,0.000213256,0.00526137,-0.0290269,0.0237655,-0.00164986,0.0220361,-0.0203863,-0.00594676,0.00914489,-0.00319814,0.0886257,2.38139,-0.0157428,0.0643062,0.0745023,1.16888,-0.0204762,0.0403265,0.714457,
1717657208.10511,0.921791,0.164145,0.0562617,-130.817,261.644,634.785,0.925024,6.4149e-07,-1.76469e-06,-76.7992,260.349,641.125,-0.000706767,-0.00016626,0.000609827,0.000289009,0.000527306,0.000196257,0.00698292,-0.0291987,0.0222158,0.001355,0.0187724,-0.0201274,-0.00490483,0.00623707,-0.00133224,0.09049,2.38523,-0.012096,0.0587323,0.0669547,1.17076,-0.0185641,0.0403265,0.70519,
1717657208.60087,0.922087,0.16318,0.0570835,-130.557,261.779,634.692,0.925024,6.4149e-07,-1.76469e-06,-76.7992,260.349,641.125,-0.000633345,-6.51659e-05,0.000607439,0.000328121,0.000503446,0.00021565,0.00273697,-0.0244052,0.0216682,-0.0025064,0.0257489,-0.0232425,-0.00298935,0.0107502,-0.00776086,0.0960828,2.38714,-0.012096,0.0643062,0.0707285,1.17452,-0.0204762,0.0497582,0.714457,
1717657209.11262,0.920725,0.162696,0.0538092,-130.611,261.034,634.748,0.925024,6.4149e-07,-1.76469e-06,-76.7992,260.349,641.125,-0.000637799,9.38496e-05,0.00053393,0.000384747,0.000446838,0.000248908,-0.00394168,-0.0212279,0.0251696,-0.0141475,0.0336392,-0.0194917,-0.00778676,0.0203809,-0.0125941,0.0960828,2.38906,-0.0139194,0.0624483,0.0726154,1.17452,-0.0185641,0.0403265,0.720018,
1717657209.60845,0.921178,0.162681,0.0538281,-130.617,261.15,634.653,0.925024,6.4149e-07,-1.76469e-06,-76.7992,260.349,641.125,-0.000621432,0.00012619,0.000505941,0.0003878,0.000423894,0.000250082,-0.0053,-0.0199534,0.0252534,-0.0162572,0.0345859,-0.0183287,-0.0085256,0.0219447,-0.0134191,0.0960828,2.39673,-0.0139194,0.0661642,0.0726154,1.17452,-0.0204762,0.0422128,0.720018,
1717657210.1042,0.923923,0.163081,0.055928,-130.634,262.256,634.329,0.925024,6.4149e-07,-1.76469e-06,-76.7992,260.349,641.125,-0.000534148,7.82905e-05,0.000543119,0.000360385,0.000433134,0.000230204,-0.0032882,-0.0177845,0.0210727,-0.00958491,0.0327495,-0.0231646,-0.00282831,0.0171844,-0.0143561,0.0942185,2.4274,-0.0175662,0.0643062,0.0707285,1.15762,-0.0185641,0.0384402,0.727432,
1717657210.60008,0.921376,0.162884,0.0534794,-130.642,261.171,634.479,0.925024,6.4149e-07,-1.76469e-06,-76.7992,260.349,641.125,-0.000538304,0.000121582,0.000470443,0.000355324,0.000386018,0.000227671,-0.00510644,-0.0170265,0.022133,-0.0140796,0.0323779,-0.0182982,-0.00628502,0.0197969,-0.0135119,0.0942185,2.41974,-0.012096,0.0661642,0.0669547,1.15762,-0.0185641,0.0403265,0.723725,
1717657211.11198,0.924128,0.163493,0.0558804,-130.673,262.321,634.149,0.925024,6.4149e-07,-1.76469e-06,-76.7992,260.349,641.125,-0.000440812,2.40108e-05,0.000520184,0.000304413,0.000404837,0.000193584,-0.00100845,-0.0155295,0.0165379,-0.0037228,0.0275577,-0.0238349,0.000887703,0.0118218,-0.0127095,0.0942185,2.42357,-0.0157428,0.0680222,0.0688417,1.15762,-0.0204762,0.0497582,0.725579,
1717657211.60779,0.92365,0.164894,0.0566925,-131.043,262.15,634.048,0.925024,6.4149e-07,-1.76469e-06,-76.7992,260.349,641.125,-0.000429524,-2.15766e-05,0.000477864,0.000260962,0.000380238,0.000167883,0.000906217,-0.0160762,0.01517,-0.00153305,0.0222301,-0.0206971,0.000253522,0.00875346,-0.00900698,0.0942185,2.42165,-0.0157428,0.0661642,0.0707285,1.16513,-0.0204762,0.0422128,0.731139,
1717657212.10365,0.92384,0.164513,0.0569529,-130.85,262.194,634.011,0.925024,6.4149e-07,-1.76469e-06,-76.7992,260.349,641.125,-0.00042107,-5.47986e-05,0.000445359,0.000228591,0.00036125,0.000148755,0.00230154,-0.0164664,0.0141648,3.08491e-05,0.0182682,-0.0182991,-0.000262864,0.00651017,-0.00624731,0.0960828,2.42357,-0.0157428,0.0661642,0.0707285,1.16513,-0.0204762,0.0384402,0.727432,
1717657212.59931,0.921003,0.164756,0.0543604,-131.022,260.954,634.172,0.925024,6.4149e-07,-1.76469e-06,-76.7992,260.349,641.125,-0.000460375,8.24356e-06,0.00034316,0.000228931,0.000301441,0.000150976,-0.000346229,-0.0165721,0.0169184,-0.00751479,0.0179656,-0.0104508,-0.00657802,0.0110444,-0.00446637,0.0960828,2.4044,-0.0139194,0.0624483,0.0707285,1.16701,-0.0166521,0.0365538,0.721872,
1717657213.11125,0.921148,0.164952,0.0545154,-131.034,261.008,634.081,0.925024,6.4149e-07,-1.76469e-06,-76.7992,260.349,641.125,-0.000415801,-1.87961e-05,0.000331078,0.000201132,0.000287333,0.000132778,0.000789435,-0.0155187,0.0147292,-0.00466853,0.0153471,-0.0106785,-0.00483412,0.00841329,-0.00357917,0.09049,2.4044,-0.012096,0.0605903,0.0707285,1.16701,-0.0185641,0.0459855,0.714457,
1717657213.60699,0.921451,0.165073,0.0546884,-131.067,261.143,633.977,0.925024,6.4149e-07,-1.76469e-06,-76.7992,260.349,641.125,-0.000353618,-9.7675e-06,0.000341792,0.000198364,0.00028087,0.0001283,0.000410235,-0.0130673,0.0126571,-0.00293236,0.0163718,-0.0134394,-0.00186461,0.00761323,-0.00574862,0.0960828,2.41782,-0.0102726,0.0643062,0.0688417,1.1595,-0.0223882,0.0459855,0.718165,
1717657214.10286,0.922369,0.164564,0.0538524,-130.978,261.475,633.824,0.925024,6.4149e-07,-1.76469e-06,-76.7992,260.349,641.125,-0.000242548,5.39666e-05,0.000381847,0.000227233,0.000278377,0.000139969,-0.0022666,-0.00768893,0.00995552,-0.00227457,0.0226221,-0.0203475,0.00371082,0.00909711,-0.0128079,0.0942185,2.41207,-0.0139194,0.0698802,0.0707285,1.15762,-0.0204762,0.0459855,0.732993,
1717657214.59853,0.925346,0.165691,0.0570472,-131.206,262.665,633.455,0.925024,6.4149e-07,-1.76469e-06,-76.7992,260.349,641.125,-0.000196994,9.82895e-06,0.000389739,0.000198133,0.000277629,0.000120858,-0.000412816,-0.00695887,0.00737168,0.00211932,0.0197344,-0.0218537,0.0064556,0.00543891,-0.0118945,0.097947,2.41207,-0.0157428,0.0643062,0.0669547,1.16138,-0.01474,0.0384402,0.734847,
1717657215.11039,0.925614,0.165821,0.0571194,-131.209,262.689,633.387,0.925024,6.4149e-07,-1.76469e-06,-76.7992,260.349,641.125,-0.000211226,1.41196e-06,0.000336152,0.000174924,0.000248244,0.000108087,-5.93022e-05,-0.00765329,0.00771259,0.000923523,0.0165859,-0.0175094,0.00388112,0.00516493,-0.00904605,0.0960828,2.41398,-0.0139194,0.0605903,0.0707285,1.16325,-0.0185641,0.0384402,0.721872,
1717657215.60617,0.922458,0.166018,0.0535215,-131.411,261.3,633.639,0.925024,6.4149e-07,-1.76469e-06,-76.7992,260.349,641.125,-0.000283451,6.46731e-05,0.000244713,0.000185919,0.000201525,0.000118067,-0.00271627,-0.00895185,0.0116681,-0.00746639,0.0168883,-0.00942192,-0.00342989,0.0104466,-0.00701671,0.0942185,2.42549,-0.012096,0.0661642,0.0688417,1.15762,-0.0185641,0.0422128,0.723725,
1717657216.10203,0.926879,0.166477,0.0574388,-131.252,263.116,633.167,0.925024,6.4149e-07,-1.76469e-06,-76.7992,260.349,641.125,-0.000166174,-0.000117734,0.000298782,8.77236e-05,0.000225797,5.51767e-05,0.00494484,-0.00851669,0.00357184,0.0088662,0.00614166,-0.0150079,0.00570379,-0.00308933,-0.00261446,0.0942185,2.41974,-0.012096,0.0605903,0.0688417,1.16325,-0.0166521,0.0535308,0.718165,
1717657216.59783,0.926908,0.166844,0.0575518,-131.338,263.135,633.109,0.925024,6.4149e-07,-1.76469e-06,-76.7992,260.349,641.125,-0.000140317,-0.00014031,0.000295761,6.94975e-05,0.000220612,4.33305e-05,0.00589301,-0.00805027,0.00215726,0.0110366,0.00431736,-0.015354,0.00694591,-0.00502768,-0.00191823,0.0942185,2.4159,-0.0139194,0.0624483,0.0669547,1.16138,-0.0243003,0.0723942,0.716311,
1717657217.10956,0.928402,0.167954,0.0572296,-131.787,263.574,632.87,0.925024,6.4149e-07,-1.76469e-06,-76.7992,260.349,641.125,-0.000131204,-5.40646e-05,0.000268011,0.000102718,0.000194944,6.23457e-05,0.00227071,-0.00590766,0.00363695,0.00538504,0.00914636,-0.0145314,0.00530374,-4.50006e-05,-0.00525874,0.097947,2.41398,-0.0175662,0.0624483,0.0688417,1.16513,-0.0223882,0.0629625,0.727432,
1717657217.60536,0.928256,0.168029,0.0567224,-131.842,263.425,632.844,0.925024,6.4149e-07,-1.76469e-06,-76.7992,260.349,641.125,-0.000149094,-1.46192e-05,0.000218434,0.000107369,0.000164969,6.59934e-05,0.000614007,-0.00573001,0.005116,0.00121828,0.00963095,-0.0108492,0.00219161,0.0026645,-0.00485611,0.0960828,2.42165,-0.0139194,0.0605903,0.0707285,1.16325,-0.0223882,0.0554172,0.721872,
1717657218.10127,0.928349,0.168068,0.0566852,-131.854,263.408,632.825,0.925024,6.4149e-07,-1.76469e-06,-76.7992,260.349,641.125,-0.00016992,-3.58103e-06,0.000186521,0.000104478,0.000148655,6.5339e-05,0.000150403,-0.00625571,0.00610531,-0.000887014,0.00893472,-0.0080477,-4.9198e-05,0.00374362,-0.00369443,0.0923542,2.4159,-0.0157428,0.0624483,0.0707285,1.16513,-0.0185641,0.0403265,0.718165,
1717657218.597,0.928508,0.168195,0.0567593,-131.87,263.449,632.783,0.925024,6.4149e-07,-1.76469e-06,-76.7992,260.349,641.125,-0.000164329,-1.5661e-05,0.000171209,9.08352e-05,0.000139114,5.71375e-05,0.000657762,-0.00630605,0.00564829,-0.00031559,0.00731913,-0.00700354,-0.000263709,0.00286808,-0.00260437,0.0923542,2.4159,-0.0102726,0.0643062,0.063181,1.16701,-0.0166521,0.0422128,0.720018,
1717657219.10881,0.929071,0.168582,0.0571091,-131.953,263.68,632.683,0.925024,6.4149e-07,-1.76469e-06,-76.7992,260.349,641.125,-0.000129653,-4.43705e-05,0.000181034,7.28135e-05,0.00014053,4.49641e-05,0.00186356,-0.00564765,0.00378409,0.00281927,0.00565394,-0.00847321,0.0019178,0.000384475,-0.00230227,0.0942185,2.4159,-0.0157428,0.0624483,0.0707285,1.16138,-0.0223882,0.0478719,0.716311,
1717657219.60453,0.929173,0.16879,0.057004,-132.006,263.719,632.637,0.925024,5.98155e-07,-1.68009e-06,-76.7993,260.349,641.125,-0.000105855,-5.80514e-05,0.000183284,6.18493e-05,0.0001383,3.74585e-05,0.00243816,-0.00506937,0.00263121,0.00449666,0.00472718,-0.00922384,0.00317489,-0.000962354,-0.00221253,0.097947,2.41207,-0.0175662,0.0643062,0.0669547,1.16138,-0.0204762,0.0459855,0.718165,
1717657220.11634,0.929232,0.168819,0.0570638,-132.001,263.724,632.612,0.925024,5.98155e-07,-1.68009e-06,-76.7993,260.349,641.125,-0.000104489,-6.01854e-05,0.000168315,5.44582e-05,0.000129021,3.31004e-05,0.00252778,-0.00506447,0.00253669,0.00432561,0.00385056,-0.00817617,0.00268175,-0.00114289,-0.00153886,0.0942185,2.41207,-0.0157428,0.0587323,0.0707285,1.1595,-0.0185641,0.0422128,0.721872,
1717657220.61219,0.929816,0.168001,0.0570871,-131.752,263.896,632.566,0.91003,-3.35135e-06,2.78985e-06,-75.7513,261.699,644.531,0.00219071,0.00960011,-0.0203994,-0.00964053,0.00152036,0.004817,-0.403204,0.281285,0.121919,-0.604218,-0.0512083,0.655426,-0.752853,0.25997,0.492883,0.114726,1.92128,-0.0175662,0.0661642,0.0763892,0.78595,-0.0243003,0.0365538,0.423448,
1717657221.10795,0.925835,0.156973,0.0539038,-130.705,263.635,632.808,0.91003,-3.35135e-06,2.78985e-06,-75.7513,261.699,644.531,0.00333298,0.0116334,-0.0192763,-0.00832813,0.00182711,0.00550898,-0.488604,0.365533,0.123071,-0.664685,0.145097,0.519588,-0.683551,0.359473,0.324078,0.110997,1.64138,-0.00480235,0.0717381,0.0707285,0.77281,-0.00135583,0.0422128,0.38267,
1717657221.60374,0.918628,0.168368,0.058436,-130.409,265.612,632.655,0.895522,1.38487e-06,-4.39714e-06,-74.7232,262.961,647.886,0.00413032,0.00967884,-0.0213883,-0.00980484,0.00103768,0.00431204,-0.406511,0.353488,0.0530233,-0.572581,-0.0677907,0.640371,-0.712903,0.242935,0.469968,0.124047,1.54552,-0.00662574,0.0717381,0.0707285,0.663937,-0.0166521,0.0554172,0.373402,
1717657222.09946,0.914094,0.160126,0.0531139,-129.056,267.748,633.688,0.895522,1.38487e-06,-4.39714e-06,-74.7232,262.961,647.886,0.00618559,0.00977896,-0.0186566,-0.00904533,0.00230711,0.00464599,-0.410716,0.430347,-0.0196306,-0.44748,0.0663149,0.381165,-0.521176,0.208099,0.313078,0.118454,1.465,-0.00480235,0.0698802,0.0669547,0.645165,0.00438029,0.0686215,0.373402,
1717657222.61145,0.903882,0.155384,0.0506508,-125.625,268.559,635.878,0.88141,5.8049e-06,-5.82927e-06,-73.7131,264.144,651.198,0.00635078,0.00927044,-0.0201724,-0.00944002,0.00187445,0.00413789,-0.389358,0.425676,-0.0363181,-0.450215,-0.015002,0.465217,-0.570453,0.191853,0.3786,0.124047,1.4094,-0.00662574,0.0754541,0.0669547,0.615131,-0.0166521,0.0591899,0.349306,
1717657223.10712,0.894511,0.152539,0.050006,-122.845,269.562,637.755,0.88141,5.8049e-06,-5.82927e-06,-73.7131,264.144,651.198,0.00812918,0.00655633,-0.0176183,-0.0101994,0.0032879,0.00365536,-0.275366,0.433366,-0.158,-0.167813,-0.0885936,0.256406,-0.365921,-0.00746951,0.37339,0.120318,1.39023,-0.00297892,0.084744,0.0726154,0.645165,0.00629234,0.0855985,0.321502,
1717657223.60299,0.892465,0.155992,0.0512784,-122.829,271.042,639.006,0.867711,-3.72551e-06,2.59906e-06,-72.7137,265.251,654.472,0.00692373,0.00712083,-0.020303,-0.0102796,0.00230068,0.00340831,-0.299075,0.401375,-0.1023,-0.307117,-0.149295,0.456412,-0.530354,0.0675226,0.462831,0.120318,1.34997,-0.00662574,0.084744,0.0763892,0.601992,0.000556231,0.0554172,0.319649,
1717657224.09879,0.889149,0.146602,0.0418675,-121.86,272.261,640.531,0.867711,-3.72551e-06,2.59906e-06,-72.7137,265.251,654.472,0.00797707,0.00794564,-0.0183219,-0.00923265,0.00327322,0.00395048,-0.333717,0.457009,-0.123292,-0.276608,0.00353624,0.273072,-0.418497,0.0978078,0.320689,0.10354,1.3193,-0.00480235,0.0903179,0.0763892,0.618886,0.0120285,0.0516446,0.310381,
1717657224.61076,0.87789,0.142889,0.0465834,-118.365,271.017,643.219,0.854456,2.50462e-07,-1.85178e-06,-71.7153,266.287,657.696,0.00684726,0.00757317,-0.0207167,-0.00975813,0.00249626,0.00347876,-0.318073,0.408093,-0.0900194,-0.348669,-0.112311,0.46098,-0.557731,0.112998,0.444733,0.109133,1.27137,-0.00297892,0.0866019,0.078276,0.603869,0.00629234,0.0591899,0.286285,
1717657225.10642,0.868472,0.143818,0.0441353,-116.164,272.396,644.832,0.854456,2.50462e-07,-1.85178e-06,-71.7153,266.287,657.696,0.00899115,0.00422515,-0.0180112,-0.0108692,0.0039609,0.00284275,-0.177456,0.415764,-0.238308,-0.0142772,-0.222701,0.236978,-0.324628,-0.132652,0.45728,0.120318,1.25603,-0.00297892,0.0866019,0.078276,0.626394,0.0215886,0.102575,0.260335,
1717657225.60221,0.85551,0.140024,0.0438394,-114.341,269.93,647.35,0.841615,-8.83781e-07,-2.91989e-07,-70.7143,267.252,660.856,0.00794684,0.00523376,-0.0203162,-0.0106701,0.00311289,0.00277422,-0.219818,0.39896,-0.179142,-0.164247,-0.238033,0.402279,-0.471971,-0.0368722,0.508843,0.125911,1.20619,-0.00480235,0.0921758,0.0839367,0.586975,0.0177646,0.0969165,0.265895,
1717657226.098,0.851764,0.130713,0.0349307,-114.306,270.43,648.42,0.841615,-8.83781e-07,-2.91989e-07,-70.7143,267.252,660.856,0.00894184,0.00706575,-0.0187096,-0.00922146,0.00382084,0.00351489,-0.296761,0.473623,-0.176861,-0.20428,-0.031784,0.236064,-0.388292,0.0552328,0.333059,0.105404,1.17551,-0.00297892,0.0921758,0.0839367,0.585097,0.0273248,0.0573035,0.265895,
1717657226.6099,0.847324,0.134636,0.0398426,-113.484,271.35,649.818,0.829212,-1.43021e-06,-2.72839e-06,-69.7006,268.149,663.957,0.00806833,0.00679045,-0.0208311,-0.00971608,0.00310596,0.003088,-0.285199,0.436069,-0.15087,-0.265931,-0.13231,0.398242,-0.506557,0.0678699,0.438687,0.0960828,1.14867,0.0006679,0.0958918,0.0801629,0.549432,0.0158525,0.0554172,0.258481,
1717657227.10556,0.839267,0.135522,0.03383,-112.606,271.764,651.528,0.829212,-1.43021e-06,-2.72839e-06,-69.7006,268.149,663.957,0.00937675,0.00472654,-0.018848,-0.0102746,0.00421158,0.00279985,-0.198514,0.440318,-0.241804,-0.0535752,-0.184017,0.237592,-0.351285,-0.0829123,0.434197,0.0923542,1.14101,0.00249133,0.0866019,0.0801629,0.575712,0.0292369,0.0969165,0.232531,
1717657227.60132,0.831934,0.140005,0.0373835,-111.171,272.285,653.093,0.817249,5.26306e-06,-8.73314e-06,-68.6671,268.986,666.988,0.00902341,0.00361727,-0.0204744,-0.0111579,0.00372916,0.00219218,-0.151925,0.404172,-0.252246,-0.036386,-0.322012,0.358398,-0.41864,-0.133116,0.551756,0.0942185,1.12567,0.0006679,0.0903179,0.0801629,0.566326,0.0235007,0.110121,0.228824,
1717657228.11317,0.827467,0.131785,0.0364164,-109.779,273.088,654.742,0.817249,5.26306e-06,-8.73314e-06,-68.6671,268.986,666.988,0.00979057,0.00415158,-0.0189268,-0.0103861,0.00453754,0.00259654,-0.174366,0.443296,-0.26893,-0.00710365,-0.20964,0.216743,-0.332422,-0.114818,0.44724,0.0923542,1.07774,0.0006679,0.0884599,0.0763892,0.573835,0.0349729,0.11578,0.219556,
1717657228.60888,0.82538,0.128852,0.0333907,-109.167,273.211,656.477,0.805663,3.20245e-06,-6.14382e-06,-67.6001,269.763,669.951,0.00821056,0.00590776,-0.0212828,-0.00983399,0.00368303,0.00275344,-0.248126,0.422706,-0.17458,-0.215748,-0.181161,0.396909,-0.512058,0.0328237,0.479234,0.0811686,1.06049,-0.0011555,0.0996078,0.0763892,0.547555,0.0292369,0.0667352,0.219556,
1717657229.10467,0.819427,0.123743,0.0326583,-108.774,273.491,658.076,0.805663,3.20245e-06,-6.14382e-06,-67.6001,269.763,669.951,0.00899653,0.00639251,-0.0197776,-0.00911598,0.00447426,0.00311907,-0.268486,0.461474,-0.192989,-0.182993,-0.0749824,0.257975,-0.426061,0.0473807,0.378681,0.0699829,1.04515,0.00613815,0.101466,0.0801629,0.57008,0.0464451,0.0591899,0.212142,
1717657229.60046,0.810183,0.131891,0.0383666,-107.674,273.486,659.92,0.794486,5.43203e-06,-1.0577e-05,-66.4763,270.484,672.848,0.00866709,0.00459974,-0.0211015,-0.0103895,0.00415758,0.00238238,-0.193189,0.411843,-0.218654,-0.113823,-0.253375,0.367198,-0.472087,-0.0498859,0.521972,0.0830328,1.02789,0.00249133,0.0958918,0.0820498,0.543801,0.038797,0.102575,0.204728,
1717657230.11227,0.812551,0.132218,0.0358165,-107.252,277.303,660.274,0.794486,5.43203e-06,-1.0577e-05,-66.4763,270.484,672.848,0.0100074,0.00343125,-0.0193921,-0.0105894,0.0050409,0.00229575,-0.144112,0.436056,-0.291944,0.039173,-0.254302,0.215129,-0.335962,-0.147702,0.483664,0.0718472,0.985718,0.00613815,0.0958918,0.0839367,0.566326,0.0617415,0.117666,0.180632,
1717657230.60811,0.800863,0.124522,0.0338727,-105.519,273.957,662.738,0.783747,8.17857e-06,-1.27242e-05,-65.2789,271.152,675.666,0.00870932,0.00579553,-0.0214493,-0.00978118,0.00426634,0.00259317,-0.243412,0.438491,-0.195079,-0.183962,-0.17668,0.360642,-0.497882,0.0257063,0.472176,0.0718472,0.974215,0.0006679,0.0996078,0.078276,0.545678,0.0521813,0.0723942,0.186192,
1717657231.10385,0.795178,0.118229,0.030132,-105.005,273.245,664.665,0.783747,8.17857e-06,-1.27242e-05,-65.2789,271.152,675.666,0.00881183,0.00654519,-0.0205319,-0.00902473,0.00482566,0.00298379,-0.274898,0.457962,-0.183064,-0.202352,-0.0791355,0.281487,-0.46668,0.0704965,0.396183,0.0718472,0.956961,-0.0011555,0.10704,0.0763892,0.564449,0.0713016,0.0705078,0.178778,
1717657231.59965,0.797001,0.12498,0.0338285,-104.804,276.032,665.496,0.773306,6.3713e-06,-1.48062e-05,-63.9246,271.772,678.433,0.00803073,0.00631261,-0.022036,-0.00980038,0.00434615,0.00262046,-0.26513,0.424667,-0.159537,-0.232864,-0.172982,0.405846,-0.553849,0.0635319,0.490317,0.0718472,0.930121,-0.0011555,0.101466,0.0820498,0.545678,0.0732137,0.0573035,0.184339,
1717657232.11154,0.791077,0.124985,0.0328276,-103.812,276.725,667.016,0.773306,6.3713e-06,-1.48062e-05,-63.9246,271.772,678.433,0.00903564,0.00484036,-0.0205512,-0.0101949,0.00517892,0.00246228,-0.203295,0.430302,-0.227006,-0.0780168,-0.205173,0.28319,-0.437255,-0.0459079,0.483163,0.0662544,0.905198,-0.0011555,0.0940338,0.0820498,0.566326,0.0980702,0.102575,0.154682,
1717657232.60736,0.773976,0.120019,0.0311801,-99.9326,273.472,669.704,0.763289,4.79439e-06,-1.09727e-05,-62.3304,272.354,681.131,0.00911326,0.00502765,-0.0214027,-0.0109141,0.00494438,0.00219978,-0.211161,0.437058,-0.225897,-0.0796782,-0.251014,0.330692,-0.465381,-0.0557873,0.521169,0.0699829,0.886027,-0.0011555,0.101466,0.0763892,0.558818,0.0961581,0.106348,0.149121,
1717657233.10318,0.776475,0.120021,0.0310669,-100.497,275.693,670.384,0.763289,4.79439e-06,-1.09727e-05,-62.3304,272.354,681.131,0.00929161,0.00508231,-0.0206514,-0.0106132,0.00541278,0.00237078,-0.213457,0.444693,-0.231236,-0.058879,-0.210148,0.269027,-0.429524,-0.0551062,0.484631,0.0643901,0.872607,0.00431475,0.0996078,0.0801629,0.575712,0.109542,0.113894,0.145414,
1717657233.59899,0.7644,0.111859,0.0276979,-97.4585,271.768,673.391,0.753238,3.9383e-06,-1.51358e-06,-59.7901,272.907,683.846,0.00738931,0.00920837,-0.0221503,-0.0116094,0.00438011,0.00274784,-0.386751,0.462147,-0.0753961,-0.291412,-0.135433,0.426845,-0.593033,0.117277,0.475755,0.0699829,0.859187,0.0006679,0.110756,0.078276,0.547555,0.08851,0.0723942,0.147267,
1717657234.11085,0.762315,0.110789,0.0313286,-96.6187,272.747,674.745,0.753238,3.9383e-06,-1.51358e-06,-59.7901,272.907,683.846,0.00761535,0.00853259,-0.0213346,-0.0116898,0.00491612,0.00274596,-0.358369,0.456178,-0.0978094,-0.224428,-0.142685,0.367113,-0.544429,0.0724708,0.471958,0.0681186,0.832347,0.0006679,0.10704,0.0801629,0.545678,0.111454,0.0686215,0.141707,
1717657234.60649,0.754372,0.114652,0.0319853,-94.3806,273.653,675.991,0.753153,-1.25379e-06,-6.82271e-06,-55.2985,272.917,683.885,-0.00164315,0.0092969,0.00677407,-0.00933718,-0.00408715,-0.000186782,-0.39047,0.135468,0.255001,0.035484,0.00603228,-0.0415163,0.212518,-0.0752944,-0.137224,0.0681186,0.863021,-0.00844917,0.0884599,0.0801629,0.6095,0.153519,0.119552,0.149121,
1717657235.1023,0.744764,0.116897,0.0297012,-91.8696,270.771,677.501,0.753153,-1.25379e-06,-6.82271e-06,-55.2985,272.917,683.885,-0.0016047,0.00643715,0.00690244,-0.0108371,-0.00391179,-0.000835286,-0.27036,0.0768123,0.193548,0.205855,-0.186712,-0.0191435,0.251215,-0.249756,-0.00145921,0.09049,0.891778,-0.0102726,0.082886,0.0914842,0.577589,0.08851,0.117666,0.154682,
1717657235.59812,0.7576,0.120585,0.0281739,-93.3963,274.399,676.507,0.760437,3.01144e-06,-6.64612e-06,-53.462,272.512,681.893,-0.00646056,9.18931e-05,0.0212361,-0.000814134,-0.00745194,-0.00240326,-0.00385951,-0.23306,0.23692,0.298275,-0.0181524,-0.280123,0.616411,-0.240753,-0.375659,0.11659,1.08157,-0.012096,0.0717381,0.0801629,0.630148,0.0158525,0.119552,0.162096,
1717657236.10988,0.747703,0.113834,0.0301764,-91.8483,270.377,677.796,0.760437,3.01144e-06,-6.64612e-06,-53.462,272.512,681.893,-0.00683983,0.00087046,0.0209954,-0.000412263,-0.00755235,-0.00222261,-0.0365593,-0.230506,0.267065,0.235035,0.0252176,-0.260253,0.582159,-0.185259,-0.396901,0.138961,1.1966,-0.0102726,0.0773121,0.0763892,0.718374,-0.012828,0.119552,0.197314,
1717657236.60574,0.761802,0.121556,0.0343833,-94.7538,273.477,676.228,0.768399,1.17482e-06,-1.18644e-05,-51.9777,272.059,679.751,-0.00672684,0.00128083,0.0215883,0.00108902,-0.00679613,-0.00175614,-0.053795,-0.217778,0.271573,0.197996,0.140079,-0.338075,0.597416,-0.119952,-0.477464,0.153875,1.27712,-0.012096,0.0717381,0.0688417,0.739022,-0.0223882,0.110121,0.225117,
1717657237.10153,0.76652,0.11734,0.0323419,-94.048,272.794,676.017,0.768399,1.17482e-06,-1.18644e-05,-51.9777,272.059,679.751,-0.00804369,0.00214873,0.0204199,0.00136574,-0.00732585,-0.00162572,-0.0902465,-0.24745,0.337697,0.075576,0.147091,-0.222667,0.486271,-0.0390762,-0.447195,0.163197,1.3193,-0.0139194,0.07917,0.0707285,0.755916,-0.0262123,0.0988028,0.236238,
1717657237.59735,0.764136,0.112216,0.0333833,-91.6802,268.3,677.133,0.776876,-2.18181e-06,-3.41437e-06,-50.7973,271.568,677.495,-0.00901548,0.00184549,0.0200067,0.00220957,-0.00677027,-0.00136149,-0.0775108,-0.289165,0.366676,0.0272892,0.16694,-0.194229,0.425041,0.00215517,-0.427197,0.16879,1.36914,-0.0175662,0.0754541,0.0726154,0.77281,-0.0300364,0.0988028,0.24736,
1717657238.10921,0.77686,0.118922,0.0332208,-93.6789,271.692,675.26,0.776876,-2.18181e-06,-3.41437e-06,-50.7973,271.568,677.495,-0.00939069,0.00179725,0.0193992,0.00202797,-0.00710429,-0.00145197,-0.0754846,-0.303826,0.37931,0.00204969,0.135384,-0.137434,0.386074,0.00719935,-0.393274,0.178111,1.4094,-0.00844917,0.07917,0.0669547,0.79909,-0.0300364,0.0780532,0.256628,
1717657238.60492,0.781102,0.118365,0.033332,-93.4198,272.756,674.277,0.785717,-7.16505e-06,-8.43036e-06,-49.6774,271.031,675.154,-0.00790289,0.00204587,0.0210624,0.00261694,-0.00601418,-0.00110229,-0.0859267,-0.244489,0.330416,0.078347,0.243165,-0.321512,0.510296,-0.00500646,-0.505289,0.198618,1.44391,-0.00480235,0.0717381,0.0688417,0.791582,-0.0415086,0.100689,0.269603,
1717657239.10078,0.77314,0.11237,0.0322807,-91.6231,270.846,674.01,0.785717,-7.16505e-06,-8.43036e-06,-49.6774,271.031,675.154,-0.00671908,0.00233222,0.0216168,0.0027585,-0.00593309,-0.00106724,-0.0979533,-0.195417,0.29337,0.112567,0.28757,-0.400137,0.579069,-0.0130869,-0.565982,0.211668,1.48992,-0.00662574,0.0717381,0.0650678,0.810353,-0.0415086,0.112007,0.286285,
1717657239.61252,0.78276,0.116078,0.0338813,-91.2903,272.846,672.836,0.79498,1.51297e-06,-5.21973e-06,-48.6675,270.455,672.727,-0.00589905,0.0012449,0.0226763,0.00270666,-0.00491277,-0.00103831,-0.0522856,-0.188424,0.240709,0.226576,0.285409,-0.511985,0.66512,-0.0850462,-0.580074,0.219125,1.52827,-0.012096,0.0698802,0.0669547,0.808476,-0.0491568,0.113894,0.308527,
1717657240.10837,0.785048,0.120104,0.0349139,-90.5345,271.118,672.334,0.79498,1.51297e-06,-5.21973e-06,-48.6675,270.455,672.727,-0.00723721,-5.22202e-05,0.0211714,0.00169758,-0.00558665,-0.00151032,0.00219325,-0.264336,0.262143,0.221016,0.125241,-0.346257,0.564347,-0.135226,-0.429121,0.219125,1.56086,-0.0193897,0.0643062,0.0763892,0.823493,-0.0434206,0.121439,0.334477,
1717657240.60413,0.80385,0.130966,0.0333448,-93.0073,274.596,669.849,0.804583,3.13053e-06,-3.06115e-06,-47.7063,269.838,670.24,-0.00718667,-0.000681615,0.0214861,0.00155851,-0.00500219,-0.00148575,0.0286278,-0.275715,0.247087,0.270587,0.109523,-0.38011,0.585055,-0.1708,-0.414255,0.226582,1.61454,-0.0139194,0.0605903,0.078276,0.836633,-0.0453327,0.13087,0.336331,
1717657241.10001,0.801147,0.124523,0.0325074,-90.3102,271.289,670.141,0.804583,3.13053e-06,-3.06115e-06,-47.7063,269.838,670.24,-0.00839026,-0.000686071,0.0201701,0.00129768,-0.00561378,-0.00160513,0.028815,-0.319587,0.290772,0.198432,0.0493636,-0.247795,0.482777,-0.145077,-0.3377,0.217261,1.64138,-0.0102726,0.0550164,0.0726154,0.881684,-0.0491568,0.127098,0.319649,
1717657241.61186,0.808625,0.127274,0.0344687,-89.7742,270.71,669.647,0.814503,1.67648e-06,-3.29996e-06,-46.7764,269.176,667.689,-0.0087695,-0.00144291,0.020496,0.00110013,-0.00492723,-0.00157229,0.0606023,-0.349275,0.288672,0.245177,0.0220887,-0.267265,0.487532,-0.181979,-0.305554,0.204211,1.63563,-0.012096,0.0531584,0.0745023,0.885438,-0.0568049,0.140302,0.365988,
1717657242.10767,0.814076,0.127462,0.0336358,-88.9491,271.423,668.612,0.814503,1.67648e-06,-3.29996e-06,-46.7764,269.176,667.689,-0.00912269,-0.00191478,0.0197807,0.00065354,-0.00531027,-0.00180234,0.0804209,-0.372031,0.29161,0.24294,-0.0440912,-0.198849,0.450034,-0.202878,-0.247156,0.209804,1.66822,-0.0102726,0.0605903,0.0801629,0.894824,-0.0587169,0.144075,0.362281,
1717657242.60338,0.819709,0.127406,0.0333073,-88.9183,272.028,667.305,0.824766,-4.56052e-07,-2.25202e-08,-45.8755,268.468,665.081,-0.0077478,-0.00167437,0.0213643,0.00111536,-0.00421197,-0.00148203,0.0703235,-0.316973,0.246649,0.319563,0.0545407,-0.374104,0.567282,-0.217661,-0.34962,0.213532,1.75257,-0.0139194,0.0531584,0.0763892,0.861035,-0.0701892,0.138416,0.403059,
1717657243.09917,0.820619,0.125969,0.0277103,-89.5076,273.586,665.329,0.824766,-4.56052e-07,-2.25202e-08,-45.8755,268.468,665.081,-0.00585828,-0.000830176,0.0222246,0.00154116,-0.00411135,-0.00133457,0.0348674,-0.230517,0.19565,0.350912,0.151429,-0.502341,0.671757,-0.207039,-0.464718,0.222854,1.79858,-0.0157428,0.0457265,0.0707285,0.872298,-0.0701892,0.132757,0.421595,
1717657243.61089,0.828735,0.118864,0.028606,-88.3246,274.217,663.986,0.835329,7.92867e-07,6.76652e-07,-44.9941,267.717,662.423,-0.00493172,0.000644321,0.0235182,0.00260672,-0.00318471,-0.000692203,-0.0270615,-0.165851,0.192913,0.333474,0.322233,-0.655707,0.74506,-0.138682,-0.606378,0.235903,1.84459,-0.012096,0.0420105,0.0669547,0.896701,-0.060629,0.119552,0.41418,
1717657244.10687,0.836482,0.121643,0.0245947,-88.4383,273.755,662.851,0.835329,7.92867e-07,6.76652e-07,-44.9941,267.717,662.423,-0.0064498,0.000333367,0.021701,0.00208172,-0.00402994,-0.00093745,-0.0140014,-0.227598,0.2416,0.255399,0.21951,-0.474909,0.613205,-0.123764,-0.48944,0.239632,1.87719,-0.00844917,0.0420105,0.0688417,0.934243,-0.0682771,0.127098,0.410473,
1717657244.60265,0.846841,0.124122,0.0318407,-86.2986,273.524,662.057,0.846191,-1.82395e-07,1.52156e-07,-44.1252,266.914,659.727,-0.00705784,-0.00146568,0.0218119,0.00120974,-0.00341627,-0.00123853,0.0615587,-0.287495,0.225936,0.354169,0.103883,-0.458051,0.612121,-0.22204,-0.390081,0.209804,1.86377,-0.00662574,0.0382946,0.0669547,0.855404,-0.0682771,0.142188,0.486469,
1717657245.09829,0.848048,0.12537,0.0295074,-84.7196,274.766,660.865,0.846191,-1.82395e-07,1.52156e-07,-44.1252,266.914,659.727,-0.00591713,-0.00314288,0.0222169,0.000242676,-0.00334677,-0.00179247,0.132001,-0.281225,0.149224,0.500674,0.000861168,-0.501535,0.69534,-0.348606,-0.346734,0.213532,1.91169,-0.0139194,0.0401526,0.0707285,0.883561,-0.0721012,0.140302,0.49203,
1717657245.61015,0.865863,0.123893,0.0247892,-86.797,277.092,658.346,0.857363,2.45461e-06,-2.66275e-06,-43.2639,266.062,656.98,-0.00563884,-0.000512476,0.0229246,0.00178289,-0.00271996,-0.000851912,0.021524,-0.215864,0.19434,0.379768,0.225752,-0.60552,0.705706,-0.198167,-0.507538,0.243361,1.97113,-0.0157428,0.0327207,0.0726154,0.947383,-0.060629,0.147847,0.49203,
1717657246.10606,0.879311,0.124031,0.0243996,-88.1105,277.638,657.108,0.857363,2.45461e-06,-2.66275e-06,-43.2639,266.062,656.98,-0.00800648,0.00114702,0.0205356,0.00228732,-0.00380988,-0.000520351,-0.0481748,-0.267133,0.315308,0.141639,0.240257,-0.381896,0.49318,-0.0444351,-0.448745,0.256411,2.00372,-0.0139194,0.0364366,0.0745023,0.986803,-0.062541,0.13653,0.458666,
1717657246.60184,0.8826,0.133136,0.0373965,-86.1469,276.26,656.656,0.868792,-1.29306e-06,-2.21131e-07,-42.4071,265.163,654.217,-0.00777073,-0.00248799,0.0214424,0.000497545,-0.00279102,-0.00134653,0.104496,-0.334893,0.230398,0.401109,0.0245982,-0.425707,0.580003,-0.274948,-0.305055,0.202347,2.00372,-0.0175662,0.0234308,0.0688417,0.885438,-0.0721012,0.155393,0.566172,
1717657247.11354,0.889415,0.137493,0.0339676,-86.5429,278.379,654.746,0.868792,-1.29306e-06,-2.21131e-07,-42.4071,265.163,654.217,-0.00713717,-0.00327886,0.0212555,-9.27881e-05,-0.00301632,-0.0017089,0.137712,-0.328457,0.190744,0.463183,-0.0410362,-0.422146,0.608551,-0.335877,-0.272674,0.222854,2.04206,-0.00844917,0.0345786,0.0726154,0.906086,-0.0740133,0.157279,0.571733,
1717657247.60945,0.90165,0.128686,0.0256757,-87.8119,278.488,652.879,0.8805,-4.22576e-07,-2.61309e-07,-41.5507,264.216,651.416,-0.00677935,0.000766181,0.022192,0.00222498,-0.00235212,-0.000285886,-0.0321796,-0.230496,0.262675,0.265557,0.294382,-0.559939,0.615682,-0.103348,-0.512334,0.258275,2.07657,-0.012096,0.0327207,0.0726154,0.984926,-0.0682771,0.13653,0.534662,
1717657248.10518,0.909803,0.126922,0.0243669,-89.2408,278.426,651.324,0.8805,-4.22576e-07,-2.61309e-07,-41.5507,264.216,651.416,-0.00791308,0.0030351,0.0205284,0.00311394,-0.00326632,0.000255522,-0.127474,-0.224086,0.35156,0.0463374,0.387067,-0.433405,0.47695,0.0614671,-0.538417,0.289967,2.13025,-0.0102726,0.0364366,0.0726154,1.01308,-0.0644531,0.108234,0.503151,
1717657248.60105,0.91173,0.133915,0.0335429,-86.4463,277.384,650.682,0.892482,6.26929e-09,-1.19828e-06,-40.691,263.217,648.596,-0.00677836,-0.000944386,0.0222337,0.00120854,-0.00193438,-0.000703029,0.0396642,-0.266382,0.226718,0.379146,0.176905,-0.556052,0.637336,-0.211588,-0.425748,0.232175,2.14367,-0.0139194,0.0271467,0.0688417,0.930489,-0.0759253,0.142188,0.642168,
1717657249.11287,0.912749,0.143752,0.0347144,-85.4354,278.785,649.648,0.892482,6.26929e-09,-1.19828e-06,-40.691,263.217,648.596,-0.00577348,-0.00470256,0.0225993,-0.000870242,-0.00175115,-0.00195493,0.197508,-0.308753,0.111245,0.649167,-0.0805531,-0.568614,0.736591,-0.461642,-0.274948,0.222854,2.18584,-0.012096,0.0252888,0.0745023,0.951138,-0.0701892,0.140302,0.634754,
1717657249.60862,0.924316,0.13579,0.0263156,-85.9517,276.987,648.357,0.90471,8.00937e-08,-3.91155e-07,-39.8252,262.166,645.751,-0.00655941,-0.00132762,0.0226565,0.000936507,-0.0013878,-0.000710786,0.05576,-0.266466,0.210706,0.43256,0.167808,-0.600368,0.668659,-0.246668,-0.421991,0.265732,2.2261,-0.012096,0.0271467,0.0688417,1.01496,-0.0701892,0.164824,0.558758,
1717657250.10445,0.937536,0.129153,0.0258056,-87.2699,277.061,646.32,0.90471,8.00937e-08,-3.91155e-07,-39.8252,262.166,645.751,-0.00848463,0.00261992,0.0199534,0.0025522,-0.00285204,0.000332146,-0.110037,-0.253594,0.36363,0.055533,0.341016,-0.396549,0.436649,0.0393815,-0.476031,0.301153,2.26445,-0.0157428,0.0327207,0.0669547,1.06564,-0.0701892,0.132757,0.542076,
1717657250.60024,0.945778,0.14932,0.0371281,-87.7571,279.92,643.674,0.917186,-3.44127e-07,-9.07396e-07,-38.9495,261.061,642.9,-0.00556319,-0.00247095,0.022894,0.000102907,-0.00108064,-0.00108523,0.10378,-0.25424,0.150461,0.549812,0.0971404,-0.646953,0.734106,-0.342414,-0.391692,0.252682,2.26061,-0.012096,0.0308627,0.0688417,0.94926,-0.0759253,0.17237,0.699629,
1717657251.11195,0.954962,0.14257,0.0297132,-84.3582,283.645,641.305,0.917186,-3.44127e-07,-9.07396e-07,-38.9495,261.061,642.9,-0.00389064,-0.00340677,0.0232532,-0.000545327,-0.00116806,-0.00156447,0.143084,-0.213057,0.0699721,0.668688,0.0436382,-0.712326,0.829696,-0.434118,-0.395578,0.271325,2.29704,-0.012096,0.0197148,0.0763892,1.02622,-0.0663651,0.174256,0.658851,
1717657251.60779,0.97002,0.140391,0.0224139,-87.7538,282.443,639.633,0.929875,1.11213e-06,-2.16734e-06,-38.0607,259.904,640.042,-0.00500842,0.000961332,0.0232019,0.00176129,-0.000883137,0.000101428,-0.040376,-0.161984,0.20236,0.376467,0.360117,-0.736584,0.732659,-0.153892,-0.578767,0.248953,2.31621,-0.012096,0.0215728,0.0688417,0.947383,-0.0778373,0.17237,0.744114,
1717657252.10367,0.970906,0.142455,0.0245533,-83.9847,284.225,638.882,0.929875,1.11213e-06,-2.16734e-06,-38.0607,259.904,640.042,-0.00374348,-0.00303508,0.0238663,-0.000393472,-0.000538993,-0.00132422,0.127473,-0.199899,0.0724253,0.68162,0.0937402,-0.77536,0.857322,-0.424375,-0.432946,0.239632,2.3373,-0.0102726,0.0197148,0.0801629,1.00557,-0.0682771,0.189347,0.732993,
1717657252.59935,0.979348,0.159017,0.0273266,-86.5863,283.482,636.959,0.94277,8.17373e-10,1.80434e-07,-37.1555,258.697,637.187,-0.00312453,-0.00499384,0.0250649,-0.00142264,0.000480496,-0.0018348,0.209741,-0.21852,0.00877824,0.870772,-0.00358272,-0.86719,0.954291,-0.568409,-0.385881,0.217261,2.34497,-0.012096,0.0271467,0.078276,0.911718,-0.0797494,0.200665,0.829378,
1717657253.11125,0.980917,0.150243,0.0225663,-84.8274,282.148,636.142,0.94277,8.17373e-10,1.80434e-07,-37.1555,258.697,637.187,-0.00352062,-0.00360304,0.0239401,-0.000955193,-0.000199874,-0.001527,0.151328,-0.20372,0.0523918,0.741656,0.0502849,-0.791941,0.877833,-0.473223,-0.40461,0.252682,2.38139,-0.0139194,0.0252888,0.0839367,1.01121,-0.0778373,0.204437,0.775625,
1717657253.607,0.992,0.146923,0.0146923,-86.8618,279.079,635.395,0.955896,3.22925e-07,-1.0454e-06,-36.2275,257.432,634.33,-0.00519756,1.90722e-05,0.0237117,0.000901655,0.000106957,8.08103e-06,-0.000801033,-0.188651,0.189452,0.472831,0.304146,-0.776977,0.759064,-0.229614,-0.52945,0.250818,2.40823,-0.0157428,0.0197148,0.0707285,0.945506,-0.0854855,0.219528,0.829378,
1717657254.10291,0.99792,0.156257,0.0253599,-84.7803,282.177,633.878,0.955896,3.22925e-07,-1.0454e-06,-36.2275,257.432,634.33,-0.00418007,-0.00443729,0.0239082,-0.00159905,0.000274953,-0.00175414,0.186366,-0.245225,0.0588588,0.790676,-0.0201256,-0.77055,0.86002,-0.521629,-0.338391,0.232175,2.45041,-0.012096,0.0197148,0.0801629,0.998066,-0.0721012,0.215755,0.851621,
1717657254.59857,1.01159,0.160272,0.0256565,-86.3123,280.937,632.371,0.969203,-5.97545e-07,5.19255e-07,-35.2733,256.118,631.487,-0.00509324,-0.0032933,0.0240515,-0.00112443,0.000788465,-0.00115166,0.138319,-0.254416,0.116097,0.712293,0.0638513,-0.776145,0.816371,-0.446688,-0.369683,0.226582,2.46766,-0.0102726,0.0178569,0.0763892,0.941752,-0.0816614,0.24405,0.903521,
1717657255.11036,1.01616,0.157032,0.0218555,-86.7019,281.302,630.886,0.969203,-5.97545e-07,5.19255e-07,-35.2733,256.118,631.487,-0.00493932,-0.00165359,0.0233569,-0.000458893,0.000234264,-0.000687655,0.0694507,-0.214384,0.144933,0.593638,0.157418,-0.751056,0.777195,-0.34794,-0.429255,0.273189,2.50026,-0.0102726,0.0252888,0.0745023,1.04499,-0.0759253,0.247823,0.818257,
1717657255.60618,1.02768,0.154762,0.025426,-86.9144,280.09,629.439,0.982699,6.94157e-07,-2.01686e-07,-34.2855,254.751,628.657,-0.00522639,0.000271736,0.0241549,0.000478977,0.000944368,0.000284127,-0.0114129,-0.184393,0.195806,0.503214,0.326313,-0.829527,0.777444,-0.242276,-0.535167,0.26946,2.51559,-0.0139194,0.0215728,0.0688417,0.928612,-0.0797494,0.2648,0.918349,
1717657256.10196,1.02755,0.165435,0.029917,-86.1685,281.105,628.103,0.982699,6.94157e-07,-2.01686e-07,-34.2855,254.751,628.657,-0.00391424,-0.00354102,0.0245041,-0.00167282,0.0011288,-0.00138038,0.148723,-0.216735,0.0680115,0.798502,0.0517307,-0.850233,0.889662,-0.501545,-0.388117,0.250818,2.55202,-0.0139194,0.0178569,0.0839367,0.97554,-0.0759253,0.261027,0.953567,
1717657256.5978,1.04453,0.160671,0.0238209,-87.0206,280.221,626.309,0.996378,1.25571e-06,-1.57763e-06,-33.2552,253.324,625.84,-0.00486902,-0.0001687,0.0245864,-0.000121841,0.0014451,0.000170721,0.00708538,-0.180644,0.173559,0.575181,0.299267,-0.874448,0.817668,-0.294704,-0.522964,0.271325,2.58269,-0.0102726,0.0197148,0.0669547,0.928612,-0.0816614,0.298754,0.983224,
1717657257.1096,1.04838,0.162069,0.0209526,-86.9702,280.099,625.454,0.996378,1.25571e-06,-1.57763e-06,-33.2552,253.324,625.84,-0.00532328,-0.000404114,0.0235436,-0.00046215,0.000935324,-4.45967e-05,0.0169728,-0.20211,0.185138,0.546452,0.239219,-0.785671,0.759945,-0.295921,-0.464024,0.284375,2.62679,-0.0139194,0.0271467,0.0726154,1.01121,-0.0759253,0.328935,0.959128,
1717657257.60546,1.0569,0.171391,0.0298564,-85.8812,279.292,624.006,1.01019,-7.59119e-07,1.31876e-06,-32.1728,251.85,623.056,-0.00470786,-0.0031872,0.0251207,-0.00215171,0.00223755,-0.00104415,0.133862,-0.238171,0.104308,0.816862,0.0734485,-0.89031,0.883251,-0.503938,-0.379313,0.248953,2.65554,-0.0157428,0.0197148,0.0745023,0.915472,-0.0816614,0.330822,1.07219,
1717657258.10128,1.063,0.17337,0.0277104,-86.8234,279.057,622.512,1.01019,-7.59119e-07,1.31876e-06,-32.1728,251.85,623.056,-0.00530387,-0.00243196,0.0233635,-0.002107,0.00127877,-0.000945713,0.102142,-0.243989,0.141847,0.698542,0.0613284,-0.759871,0.780083,-0.438563,-0.34152,0.278782,2.70731,-0.0212131,0.0197148,0.0820498,1.01496,-0.0778373,0.32139,1.02771,
1717657258.61304,1.07817,0.166129,0.0238598,-87.9725,277.592,620.875,1.02416,2.30897e-06,-3.04368e-06,-31.022,250.32,620.294,-0.00617992,0.0023028,0.0237233,4.40131e-05,0.00160638,0.00139402,-0.0967176,-0.176424,0.273141,0.39663,0.422723,-0.819353,0.708512,-0.159386,-0.549126,0.306746,2.70347,-0.0193897,0.0178569,0.0726154,0.939875,-0.0873975,0.366662,1.06293,
1717657259.10882,1.08061,0.176185,0.0308893,-87.8938,278.639,619.29,1.02416,2.30897e-06,-3.04368e-06,-31.022,250.32,620.294,-0.00525352,-0.000571924,0.0234268,-0.00169146,0.00146398,-9.94487e-05,0.0240208,-0.203097,0.179076,0.606169,0.188831,-0.795,0.768187,-0.350385,-0.417802,0.30861,2.73415,-0.012096,0.0215728,0.0745023,1.00557,-0.0740133,0.370435,1.05737,
1717657259.60459,1.09161,0.182272,0.0354432,-87.3818,277.76,617.677,1.0382,2.62871e-07,1.39212e-06,-29.7812,248.752,617.582,-0.00495839,-0.00147596,0.02475,-0.00268965,0.00254316,-0.000358293,0.0619903,-0.211347,0.149357,0.748525,0.14229,-0.890816,0.849,-0.448708,-0.400292,0.278782,2.77057,-0.0139194,0.0141409,0.0726154,0.928612,-0.0797494,0.372321,1.16302,
1717657260.10054,1.09728,0.181958,0.0309755,-87.7759,277.48,616.314,1.0382,2.62871e-07,1.39212e-06,-29.7812,248.752,617.582,-0.00541267,-0.000568275,0.0230414,-0.00254367,0.00157452,-0.000141454,0.0238675,-0.208809,0.184942,0.623107,0.14745,-0.770557,0.751855,-0.376054,-0.375802,0.316067,2.83384,-0.012096,0.0234308,0.0707285,1.01871,-0.0740133,0.381753,1.11483,
1717657260.61222,1.11171,0.17825,0.0301885,-87.7431,276.565,614.672,1.05236,2.467e-07,2.11024e-06,-28.412,247.128,614.908,-0.00571482,0.00237821,0.0239785,-0.0017449,0.00222132,0.00151943,-0.0998848,-0.157923,0.257808,0.483774,0.379227,-0.863001,0.750804,-0.237361,-0.513443,0.338439,2.82617,-0.0157428,0.0178569,0.0707285,0.956769,-0.0797494,0.421366,1.18712,
1717657261.10829,1.11412,0.186038,0.0338305,-87.5543,277.01,613.374,1.05236,2.467e-07,2.11024e-06,-28.412,247.128,614.908,-0.00519784,7.32681e-05,0.0233005,-0.00320721,0.00192354,0.000155593,-0.00307726,-0.187523,0.1906,0.636474,0.170127,-0.806601,0.771618,-0.38373,-0.387888,0.34776,2.86259,-0.0139194,0.0215728,0.0707285,0.986803,-0.0759253,0.428911,1.16487,
1717657261.60394,1.12452,0.186117,0.0364516,-86.8342,275.483,611.618,1.06651,1.16158e-07,-1.8026e-06,-26.8567,245.469,612.297,-0.00476327,0.00162015,0.0246342,-0.00358929,0.00277513,0.00107642,-0.0680463,-0.139232,0.207278,0.640099,0.290074,-0.930172,0.83626,-0.363159,-0.473101,0.366403,2.86451,-0.0139194,0.0178569,0.0688417,0.915472,-0.0778373,0.49116,1.23716,
1717657262.09971,1.12623,0.185982,0.0326486,-86.9324,273.472,610.728,1.06651,1.16158e-07,-1.8026e-06,-26.8567,245.469,612.297,-0.00551799,0.00224182,0.0223967,-0.00364672,0.00159329,0.00119885,-0.0941566,-0.153628,0.247785,0.505319,0.257215,-0.762534,0.708381,-0.297907,-0.410474,0.388774,2.91819,-0.0157428,0.0215728,0.0726154,1.00182,-0.0721012,0.481728,1.23345,
1717657262.61152,1.13979,0.187402,0.0361937,-86.6669,272.373,609.25,1.0806,-3.71354e-07,-9.74916e-07,-24.9668,243.787,609.764,-0.00593702,0.00471463,0.0232974,-0.00458208,0.0022624,0.00268609,-0.198014,-0.11694,0.314955,0.439072,0.393122,-0.832194,0.717093,-0.244148,-0.472945,0.414874,2.88943,-0.012096,0.0215728,0.0688417,0.917349,-0.0759253,0.525114,1.29277,
1717657263.10719,1.14565,0.188559,0.0369024,-85.7309,272.193,608.022,1.0806,-3.71354e-07,-9.74916e-07,-24.9668,243.787,609.764,-0.00637589,0.0039334,0.0211223,-0.00540022,0.00118989,0.00201879,-0.165203,-0.149309,0.314512,0.412474,0.250706,-0.663181,0.620637,-0.269721,-0.350916,0.433517,2.93928,-0.0157428,0.0197148,0.0688417,0.98868,-0.0721012,0.519455,1.27423,
1717657263.60309,1.15789,0.191844,0.0393044,-84.7341,271.484,606.266,1.09439,-4.8684e-07,3.39645e-07,-22.2027,242.102,607.34,-0.00603769,0.00794785,0.0227949,-0.00914482,0.00189059,0.0041485,-0.33381,-0.0527046,0.386514,0.408475,0.384362,-0.792837,0.701842,-0.287956,-0.413886,0.450295,2.93736,-0.012096,0.0122829,0.0669547,0.896701,-0.0759253,0.5685,1.3595,
1717657264.09885,1.16183,0.195549,0.0397246,-84.5201,271.04,605.482,1.09439,-4.8684e-07,3.39645e-07,-22.2027,242.102,607.34,-0.00661199,0.00695759,0.0209601,-0.0100011,0.00107298,0.00337751,-0.292219,-0.0943888,0.386608,0.405577,0.234703,-0.640281,0.615661,-0.326227,-0.289435,0.493174,2.98146,-0.0175662,0.0197148,0.0688417,0.971786,-0.0663651,0.577931,1.32243,
1717657264.61066,1.17229,0.20452,0.045511,-82.4976,270.584,604.124,1.09961,3.11947e-08,-1.68787e-06,-18.9893,241.449,606.432,-0.00632061,0.00832059,0.0120546,-0.0143753,0.00223699,0.00415598,-0.349465,-0.0551673,0.404632,0.276283,0.0395628,-0.315845,0.281326,-0.32133,0.0400046,0.511816,3.01405,-0.0212131,0.0215728,0.0669547,0.998066,-0.0682771,0.589249,1.27238,
1717657265.10648,1.17763,0.204983,0.050889,-82.4276,271.011,603.327,1.09961,3.11947e-08,-1.68787e-06,-18.9893,241.449,606.432,-0.00671128,0.00845231,0.0105623,-0.0145589,0.00146423,0.00408523,-0.354997,-0.0666114,0.421608,0.208529,-0.00342441,-0.205105,0.20382,-0.296327,0.0925069,0.567745,2.99104,-0.0175662,0.0197148,0.0745023,1.05063,-0.0701892,0.574159,1.13336,
1717657265.60224,1.18418,0.200626,0.0528594,-81.3594,271.7,601.89,1.09375,-8.30499e-09,4.49923e-07,-16.0104,242.18,607.446,-0.00579026,0.0124883,-0.00308045,-0.0131535,0.00150679,0.00680778,-0.52451,0.0516457,0.472865,-0.396438,0.136651,0.259786,-0.362059,0.101176,0.260883,0.616216,2.72456,-0.0193897,0.0234308,0.0707285,0.840387,-0.0568049,0.536432,0.929471,
1717657266.09808,1.18638,0.194307,0.047588,-82.0322,273.397,600.486,1.09375,-8.30499e-09,4.49923e-07,-16.0104,242.18,607.446,-0.00397348,0.0151913,-0.00189018,-0.0116698,0.00152891,0.00842506,-0.638033,0.174489,0.463544,-0.501392,0.409227,0.0921648,-0.268215,0.223213,0.0450024,0.655366,2.47341,-0.0157428,0.0345786,0.0669547,0.842264,-0.0529808,0.523228,0.823818,
1717657266.60986,1.18231,0.20094,0.0479455,-79.6603,275.363,599.981,1.07901,-8.25024e-07,5.50637e-07,-13.1991,243.976,610.043,-0.00187603,0.0139553,-0.013824,-0.0126273,0.00138759,0.00735762,-0.586124,0.224825,0.361299,-0.665843,0.137201,0.528643,-0.659068,0.27794,0.381128,0.642316,2.15517,-0.012096,0.0364366,0.0688417,0.605746,-0.0548929,0.483615,0.716311,
1717657267.10582,1.17372,0.197061,0.0406157,-77.0562,278.054,599.142,1.07901,-8.25024e-07,5.50637e-07,-13.1991,243.976,610.043,0.00272897,0.012202,-0.00848542,-0.0130761,0.00355229,0.00614657,-0.512484,0.355503,0.156981,-0.229143,0.176428,0.0527148,-0.231723,0.0481934,0.18353,0.567745,2.03631,-0.0175662,0.0401526,0.0669547,0.611377,-0.0395966,0.449661,0.701482,
1717657267.60158,1.17569,0.187632,0.0341834,-77.2887,277.657,600.173,1.06249,-2.26253e-07,3.78994e-07,-11.0768,245.942,613.034,-0.000219541,0.0155387,-0.0191022,-0.00749756,0.000145851,0.00829333,-0.652626,0.318328,0.334298,-1.04324,0.369215,0.674022,-0.857831,0.594915,0.262916,0.56588,1.95579,-0.0175662,0.0290047,0.0688417,0.571957,-0.0529808,0.410048,0.644022,
1717657268.11326,1.15591,0.211607,0.0457863,-72.5605,280.602,601.499,1.06249,-2.26253e-07,3.78994e-07,-11.0768,245.942,613.034,0.00498197,0.00252229,-0.0109572,-0.0135341,0.00462957,0.000402807,-0.105936,0.234178,-0.128241,0.305004,-0.438035,0.133031,-0.166834,-0.34877,0.515604,0.562152,1.91553,-0.00662574,0.0364366,0.063181,0.633903,-0.0453327,0.404389,0.562465,
1717657268.60914,1.15412,0.191762,0.0358541,-73.2916,280.408,602.794,1.04659,-2.14764e-06,-5.26495e-07,-9.41247,247.789,615.99,0.00249034,0.00970835,-0.0171009,-0.00702911,0.00140354,0.0047184,-0.407751,0.294457,0.113294,-0.594562,0.102246,0.492316,-0.623862,0.315621,0.308241,0.61808,1.8676,-0.012096,0.0327207,0.0707285,0.519398,-0.0491568,0.510023,0.677386,
1717657269.10492,1.15113,0.181229,0.0316418,-74.187,280.852,604.357,1.04659,-2.14764e-06,-5.26495e-07,-9.41247,247.789,615.99,0.00166899,0.0134373,-0.0151579,-0.00470332,0.00247292,0.00713054,-0.564365,0.342889,0.221476,-0.807821,0.467882,0.339939,-0.621626,0.53847,0.0831565,0.498766,1.80625,-0.0139194,0.0382946,0.0650678,0.508135,-0.0376845,0.385525,0.65329,
1717657269.6008,1.13598,0.204161,0.0424571,-69.6925,282.692,605.742,1.03107,-8.61473e-08,5.27361e-08,-7.97725,249.552,618.952,0.00388944,0.00242651,-0.0167291,-0.00906571,0.00212937,0.000430372,-0.101913,0.192428,-0.0905142,-0.0893858,-0.398897,0.488282,-0.482654,-0.0775895,0.560243,0.629266,1.82926,-0.00844917,0.0345786,0.0726154,0.534415,-0.0491568,0.481728,0.581001,
1717657270.1125,1.13004,0.199044,0.0424645,-68.9242,285.588,606.652,1.03107,-8.61473e-08,5.27361e-08,-7.97725,249.552,618.952,0.00577405,0.00270774,-0.011925,-0.00831057,0.00445078,0.000865303,-0.113725,0.266882,-0.153157,0.106525,-0.211399,0.104874,-0.213553,-0.13277,0.346323,0.616216,1.80242,-0.00662574,0.0215728,0.0763892,0.598237,-0.0338604,0.476069,0.545783,
1717657270.60838,1.12916,0.18477,0.0387504,-69.0032,284.594,608.206,1.01589,2.18861e-07,-1.1723e-07,-6.68824,251.231,621.922,0.00255481,0.00843584,-0.0189886,-0.00484313,0.00109173,0.00384047,-0.354305,0.270079,0.0842265,-0.653344,0.0729802,0.580364,-0.705934,0.377862,0.328072,0.526731,1.73915,-0.012096,0.0327207,0.0707285,0.560695,-0.0453327,0.368548,0.538369,
1717657271.10408,1.1204,0.190182,0.0402551,-67.5527,286.991,609.281,1.01589,2.18861e-07,-1.1723e-07,-6.68824,251.231,621.922,0.00485312,0.00470961,-0.0141333,-0.00624135,0.00359907,0.00196194,-0.197803,0.275425,-0.0776212,-0.167214,-0.0646293,0.231843,-0.372673,0.0728543,0.299819,0.56588,1.71231,-0.012096,0.0401526,0.0726154,0.55694,-0.0376845,0.37798,0.525394,
1717657271.59998,1.11298,0.194054,0.0402933,-66.7568,287.277,610.789,1.00096,3.77186e-08,2.6077e-07,-5.49939,252.841,624.911,0.00414051,0.00366516,-0.0182487,-0.00640609,0.00176549,0.00114721,-0.153937,0.227571,-0.0736345,-0.28194,-0.2402,0.52214,-0.56355,0.0944851,0.469065,0.616216,1.70081,-0.012096,0.0345786,0.0858236,0.541923,-0.0472447,0.396843,0.490176,
1717657272.11176,1.10256,0.190956,0.0396054,-65.715,288.526,612.116,1.00096,3.77186e-08,2.6077e-07,-5.49939,252.841,624.911,0.00595586,0.00306685,-0.0137873,-0.00617903,0.00397729,0.00105679,-0.128808,0.281037,-0.152229,-0.03792,-0.136484,0.174404,-0.301224,-0.0103318,0.311556,0.606894,1.69122,-0.0102726,0.0382946,0.0801629,0.568203,-0.0395966,0.391184,0.479055,
1717657272.60757,1.10004,0.183702,0.0376001,-65.4678,288.129,613.585,0.986348,-4.84135e-08,-2.29884e-07,-4.38653,254.372,627.897,0.00373092,0.0062474,-0.0194892,-0.00442603,0.00132495,0.00244982,-0.262391,0.2669,-0.00450943,-0.527078,-0.0387609,0.565839,-0.665076,0.29825,0.366827,0.530459,1.63754,-0.00844917,0.0382946,0.0763892,0.532538,-0.0376845,0.347799,0.471641,
1717657273.10339,1.09143,0.186283,0.037065,-65.2352,290.164,614.74,0.986348,-4.84135e-08,-2.29884e-07,-4.38653,254.372,627.897,0.00561918,0.00461022,-0.0149936,-0.00475413,0.00360246,0.00180683,-0.193629,0.301202,-0.107572,-0.209328,-0.0172821,0.22661,-0.386693,0.128982,0.257711,0.571473,1.62412,-0.0102726,0.0438685,0.0763892,0.536292,-0.0281243,0.361003,0.469787,
1717657273.59927,1.08366,0.187642,0.0375095,-63.0452,290.506,616.037,0.972013,-2.45508e-07,-1.56409e-08,-3.33048,255.838,630.89,0.00551005,0.00307108,-0.0185446,-0.00544747,0.001947,0.000749938,-0.128985,0.26491,-0.135925,-0.247003,-0.223462,0.470466,-0.521804,0.0934507,0.428353,0.558423,1.5992,-0.00844917,0.0364366,0.0820498,0.510012,-0.0434206,0.376094,0.46608,
1717657274.111,1.07417,0.190389,0.0417084,-62.9923,291.692,617.214,0.972013,-2.45508e-07,-1.56409e-08,-3.33048,255.838,630.89,0.00714317,0.00174946,-0.0146687,-0.00568059,0.0039053,0.000299435,-0.0734771,0.296558,-0.22308,0.019111,-0.195336,0.176225,-0.282598,-0.0470478,0.329646,0.562152,1.56853,-0.00662574,0.0308627,0.078276,0.502504,-0.0300364,0.391184,0.451252,
1717657274.60685,1.07222,0.184886,0.0383206,-63.5611,291.613,618.452,0.957943,2.27605e-06,9.30467e-07,-2.31683,257.236,633.883,0.00524072,0.00512931,-0.0197891,-0.00400044,0.0015101,0.00167999,-0.215431,0.298337,-0.0829057,-0.442367,-0.0764352,0.518802,-0.609981,0.253538,0.356443,0.509952,1.51676,0.0006679,0.0327207,0.0745023,0.48561,-0.0338604,0.313845,0.445691,
1717657275.1028,1.0629,0.180253,0.0341026,-62.2229,292.49,619.986,0.957943,2.27605e-06,9.30467e-07,-2.31683,257.236,633.883,0.0064877,0.00470285,-0.0161298,-0.00377876,0.00340084,0.00166493,-0.19752,0.334737,-0.137218,-0.251796,0.0125257,0.23927,-0.405557,0.174979,0.230578,0.524866,1.50334,-0.00844917,0.0382946,0.0688417,0.513767,-0.0281243,0.327049,0.430862,
1717657275.59853,1.05213,0.186875,0.0328459,-60.8693,291.289,622.064,0.94418,-2.6819e-06,-1.17901e-06,-1.34484,258.565,636.879,0.00582456,0.00212341,-0.0196956,-0.00509185,0.00186459,0.000212731,-0.0891833,0.256449,-0.167265,-0.235476,-0.28123,0.516707,-0.552082,0.0820992,0.469983,0.532323,1.48609,-0.00662574,0.0401526,0.078276,0.479978,-0.0415086,0.328935,0.429009,
1717657276.11029,1.04607,0.189494,0.036979,-60.621,294.011,623.264,0.94418,-2.6819e-06,-1.17901e-06,-1.34484,258.565,636.879,0.00735094,0.00059809,-0.0156119,-0.00540043,0.00398784,-0.000250422,-0.0251198,0.279936,-0.254816,0.0472056,-0.2608,0.213595,-0.306664,-0.0708673,0.377531,0.509952,1.46884,-0.0102726,0.0364366,0.0745023,0.494995,-0.0300364,0.362889,0.419741,
1717657276.60609,1.04177,0.183967,0.0356245,-61.1713,293.216,624.892,0.930749,-3.24925e-05,-1.43936e-05,-0.419751,259.821,639.869,0.00551454,0.00381104,-0.0201744,-0.00369942,0.00188519,0.000971118,-0.160064,0.280612,-0.120549,-0.379714,-0.140773,0.520487,-0.607173,0.214992,0.392181,0.504359,1.4535,-0.00297892,0.0364366,0.0763892,0.470592,-0.0319484,0.311958,0.410473,
1717657277.10186,1.0286,0.179177,0.0280437,-60.6164,292.229,626.705,0.930749,-3.24925e-05,-1.43936e-05,-0.419751,259.821,639.869,0.00655636,0.00415375,-0.0170544,-0.00314458,0.00348984,0.00129074,-0.174457,0.325704,-0.151246,-0.263199,-0.00990165,0.273101,-0.441581,0.190632,0.250949,0.504359,1.43433,-0.0011555,0.0401526,0.0745023,0.496872,-0.0243003,0.306299,0.403059,
1717657277.59765,1.02617,0.181231,0.0314717,-59.382,293.955,628.015,0.930749,-3.24925e-05,-1.43936e-05,-0.419751,259.821,639.869,0.00225059,-0.000813843,0.000960571,-0.000435463,8.53145e-05,-0.000467884,0.0341814,0.0647703,-0.0989517,0.144244,-0.020419,-0.123825,0.141931,-0.0954344,-0.0464971,0.480124,1.44583,-0.00844917,0.0420105,0.0707285,0.494995,-0.0338604,0.385525,0.456812,
1717657278.10951,1.02638,0.188387,0.0344411,-60.0165,294.091,628.202,0.930749,-3.24925e-05,-1.43936e-05,-0.419751,259.821,639.869,0.00210045,-0.00246669,0.00091808,-0.0012996,0.000149442,-0.00117602,0.103601,0.0245992,-0.1282,0.244539,-0.149551,-0.094988,0.15232,-0.192005,0.0396846,0.448431,1.49568,-0.00844917,0.0308627,0.0801629,0.601992,-0.0357725,0.306299,0.421595,
1717657278.60523,1.02798,0.18665,0.0354118,-60.3067,293.264,628.613,0.930749,-3.24925e-05,-1.43936e-05,-0.419751,259.821,639.869,0.000930034,-0.00157137,-0.000174443,-0.000909797,-0.000265159,-0.000781712,0.0659977,0.000829346,-0.066827,0.11822,-0.121731,0.00351171,0.0493484,-0.108778,0.0594301,0.485716,1.49184,-0.0102726,0.0327207,0.0763892,0.558818,-0.0338604,0.396843,0.419741,
1717657279.10102,1.02821,0.18217,0.0365335,-60.9961,292.143,628.891,0.930749,-3.24925e-05,-1.43936e-05,-0.419751,259.821,639.869,-1.40132e-05,0.00061245,-0.00107919,0.000170712,-0.00066323,0.000170474,-0.0257229,0.0123517,0.0133711,-0.0781008,0.0124063,0.0656945,-0.0509289,0.0466129,0.004316,0.509952,1.4765,-0.0102726,0.0382946,0.0726154,0.493118,-0.0319484,0.376094,0.427155,
1717657279.59687,1.03245,0.183209,0.0341476,-61.9107,293.589,628.425,0.930749,-3.24925e-05,-1.43936e-05,-0.419751,259.821,639.869,-3.14271e-06,0.00108757,-0.00104026,0.00042468,-0.000658505,0.000378252,-0.045678,0.0227247,0.0229533,-0.106771,0.0501651,0.0566061,-0.0541862,0.0746725,-0.0204863,0.511816,1.44966,-0.0157428,0.0401526,0.0707285,0.483732,-0.0319484,0.366662,0.445691,
1717657280.10873,1.02487,0.179152,0.0334219,-59.6196,291.599,629.109,0.930749,-3.24925e-05,-1.43936e-05,-0.419751,259.821,639.869,0.000450845,0.000144494,-0.000574418,-3.46573e-05,-0.000452096,-2.98791e-05,-0.00606873,0.019433,-0.0133643,-0.0181139,-0.00511372,0.0232276,-0.00591228,0.00611003,-0.00019775,0.513681,1.44583,-0.00844917,0.0438685,0.0726154,0.476224,-0.0281243,0.361003,0.447544,
1717657280.60439,1.02365,0.185185,0.034071,-61.0337,291.444,629.122,0.930749,-3.24925e-05,-1.43936e-05,-0.419751,259.821,639.869,0.000593175,-0.000445877,-0.000393701,-0.000328614,-0.000356856,-0.000282299,0.0187268,0.0122122,-0.030939,0.0297522,-0.0439692,0.014217,0.0138992,-0.0334323,0.0195332,0.485716,1.44008,-0.012096,0.0364366,0.078276,0.474347,-0.0319484,0.396843,0.438277,
1717657281.1162,1.02844,0.181536,0.0355516,-60.032,293.212,628.829,0.930749,-3.24925e-05,-1.43936e-05,-0.419751,259.821,639.869,0.000559379,-0.0002055,-0.000278377,-0.000183877,-0.000288407,-0.000165373,0.00863098,0.0160308,-0.0246618,0.0176485,-0.0220007,0.0043522,0.0144626,-0.0194041,0.00494149,0.483852,1.43624,-0.00480235,0.0327207,0.078276,0.47247,-0.0338604,0.400616,0.436423,
1717657281.61202,1.02943,0.180811,0.0347916,-60.3573,293.328,628.772,0.930749,-3.24925e-05,-1.43936e-05,-0.419751,259.821,639.869,0.00039522,0.00032618,-0.000429686,8.49275e-05,-0.000359085,6.57887e-05,-0.0136996,0.0212251,-0.00752557,-0.0259683,0.0131684,0.0127999,-0.00442391,0.0167203,-0.0122964,0.493174,1.42858,-0.00844917,0.0364366,0.0763892,0.466838,-0.0300364,0.374207,0.453105,
1717657282.10796,1.02393,0.179825,0.0320361,-60.2116,291.333,629.432,0.930749,-3.24925e-05,-1.43936e-05,-0.419751,259.821,639.869,0.00022801,0.000399756,-0.000493385,0.000125349,-0.000361336,0.00010638,-0.0167898,0.0166883,0.000101479,-0.0372367,0.0159203,0.0213164,-0.0148061,0.0245365,-0.00973031,0.502495,1.42858,-0.012096,0.0438685,0.0688417,0.464961,-0.0338604,0.366662,0.462373,
1717657282.6037,1.0283,0.180956,0.0352419,-59.9236,293.158,629.039,0.930749,-3.24925e-05,-1.43936e-05,-0.419751,259.821,639.869,0.000386301,-0.000163419,-0.000269269,-0.000149553,-0.000244885,-0.00013159,0.00686362,0.0106191,-0.0174828,0.0108517,-0.0193822,0.00853053,0.00712326,-0.0140333,0.00691002,0.485716,1.43049,-0.0102726,0.0420105,0.0745023,0.45933,-0.0319484,0.389298,0.458666,
1717657283.09948,1.02645,0.181859,0.0370177,-59.9533,292.607,629.226,0.930749,-3.24925e-05,-1.43936e-05,-0.419751,259.821,639.869,0.000400242,-0.000383425,-0.000227821,-0.000260341,-0.000215936,-0.000224288,0.0161039,0.00650611,-0.02261,0.0267539,-0.0348847,0.0081308,0.0118268,-0.0278844,0.0160576,0.476395,1.43241,-0.0102726,0.0345786,0.0820498,0.457453,-0.0338604,0.402502,0.449398,
1717657283.61127,1.0275,0.18054,0.0362444,-59.8462,292.896,629.119,0.930749,-3.24925e-05,-1.43936e-05,-0.419751,259.821,639.869,0.000377621,-7.52907e-05,-0.000265852,-0.000102083,-0.000243755,-9.236e-05,0.00316221,0.0121541,-0.0153163,0.00511517,-0.0125416,0.0074264,0.00591661,-0.00860598,0.00268937,0.476395,1.42474,-0.00844917,0.0327207,0.078276,0.453698,-0.0338604,0.404389,0.451252,
1717657284.10699,1.02757,0.180115,0.0357366,-59.9146,292.833,629.19,0.930749,-3.24925e-05,-1.43936e-05,-0.419751,259.821,639.869,0.000263733,0.000104671,-0.000319716,-7.62553e-06,-0.000255965,-9.49331e-06,-0.00439617,0.0117909,-0.00739468,-0.0112386,-0.00102567,0.0122642,-0.00302335,0.00463429,-0.00161094,0.480124,1.42282,-0.0102726,0.0327207,0.0820498,0.457453,-0.0319484,0.396843,0.454959,
