[ 1717652073.64913, Thu Jun  6 13:34:33 2024 ]
1717652075.39326,-1.28551,-1.07807,-1.1172,-73.2638,572.662,670.7,-0,0,-0,0,0,0,0,0,0,0,0,0,0,0,0,0,0,0,0,0,0,0,0,0,0,0,0,0,0,0,
1717652075.39751,-1.28551,-1.07807,-1.1172,-73.2638,572.662,670.7,-0,0,-0,0,0,0,0,0,0,0,0,0,0,0,0,0,0,0,0,0,0,0.0438831,0.0961666,0.0881918,0.0884599,0.20281,0.123324,0.0674776,0.213869,0.14356,
1717652081.54176,-1.28544,-1.07802,-1.11727,-73.3048,572.666,670.683,-0,0,-0,0,0,0,0,0,0,0,0,0,0,0,0,0,0,0,0,0,0,0.0438831,0.0961666,0.0881918,0.0884599,0.20281,0.123324,0.0674776,0.213869,0.14356,
1717652081.74199,-1.28542,-1.07803,-1.11732,-73.3282,572.669,670.683,-0,0,-0,0,0,0,0,0,0,0,0,0,0,0,0,0,0,0,0,0,0,0.0438831,0.0961666,0.0881918,0.0884599,0.20281,0.123324,0.0674776,0.213869,0.14356,
1717652081.94196,-1.28553,-1.07802,-1.1173,-73.3151,572.643,670.721,-0,0,-0,0,0,0,0,0,0,0,0,0,0,0,0,0,0,0,0,0,0,0.0438831,0.0961666,0.0881918,0.0884599,0.20281,0.123324,0.0674776,0.213869,0.14356,
1717652082.1419,-1.28545,-1.07808,-1.11725,-73.2861,572.674,670.679,-0,0,-0,0,0,0,0,0,0,0,0,0,0,0,0,0,0,0,0,0,0,0.0438831,0.0961666,0.0881918,0.0884599,0.20281,0.123324,0.0674776,0.213869,0.14356,
1717652082.34191,-1.28547,-1.0781,-1.11737,-73.3386,572.656,670.698,-0,0,-0,0,0,0,0,0,0,0,0,0,0,0,0,0,0,0,0,0,0,0.0438831,0.0961666,0.0881918,0.0884599,0.20281,0.123324,0.0674776,0.213869,0.14356,
1717652082.54189,-1.28546,-1.07809,-1.11718,-73.2607,572.673,670.674,-0,0,-0,0,0,0,0,0,0,0,0,0,0,0,0,0,0,0,0,0,0,0.0438831,0.0961666,0.0881918,0.0884599,0.20281,0.123324,0.0674776,0.213869,0.14356,
1717652082.74196,-1.28544,-1.07805,-1.11726,-73.2988,572.671,670.684,-0,0,-0,0,0,0,0,0,0,0,0,0,0,0,0,0,0,0,0,0,0,0.0438831,0.0961666,0.0881918,0.0884599,0.20281,0.123324,0.0674776,0.213869,0.14356,
1717652082.942,-1.28552,-1.07816,-1.11741,-73.3352,572.642,670.721,-0,0,-0,0,0,0,0,0,0,0,0,0,0,0,0,0,0,0,0,0,0,0.0438831,0.0961666,0.0881918,0.0884599,0.20281,0.123324,0.0674776,0.213869,0.14356,
1717652083.14199,-1.28543,-1.07809,-1.11717,-73.2595,572.672,670.661,-0,0,-0,0,0,0,0,0,0,0,0,0,0,0,0,0,0,0,0,0,0,0.0438831,0.0961666,0.0881918,0.0884599,0.20281,0.123324,0.0674776,0.213869,0.14356,
1717652083.34196,-1.28549,-1.078,-1.11727,-73.2996,572.651,670.706,-0,0,-0,0,0,0,0,0,0,0,0,0,0,0,0,0,0,0,0,0,0,0.0438831,0.0961666,0.0881918,0.0884599,0.20281,0.123324,0.0674776,0.213869,0.14356,
1717652083.54189,-1.28547,-1.07806,-1.11727,-73.2926,572.66,670.701,-0,0,-0,0,0,0,0,0,0,0,0,0,0,0,0,0,0,0,0,0,0,0.0438831,0.0961666,0.0881918,0.0884599,0.20281,0.123324,0.0674776,0.213869,0.14356,
1717652083.74201,-1.28541,-1.07803,-1.11725,-73.3035,572.676,670.682,-0,0,-0,0,0,0,0,0,0,0,0,0,0,0,0,0,0,0,0,0,0,0.0438831,0.0961666,0.0881918,0.0884599,0.20281,0.123324,0.0674776,0.213869,0.14356,
1717652083.94192,-1.28541,-1.07804,-1.11727,-73.308,572.672,670.678,-0,0,-0,0,0,0,0,0,0,0,0,0,0,0,0,0,0,0,0,0,0,0.0438831,0.0961666,0.0881918,0.0884599,0.20281,0.123324,0.0674776,0.213869,0.14356,
1717652084.142,-1.28547,-1.07803,-1.11724,-73.2827,572.656,670.698,-0,0,-0,0,0,0,0,0,0,0,0,0,0,0,0,0,0,0,0,0,0,0.0438831,0.0961666,0.0881918,0.0884599,0.20281,0.123324,0.0674776,0.213869,0.14356,
1717652084.34189,-1.28544,-1.07801,-1.11725,-73.2958,572.659,670.687,-0,0,-0,0,0,0,0,0,0,0,0,0,0,0,0,0,0,0,0,0,0,0.0438831,0.0961666,0.0881918,0.0884599,0.20281,0.123324,0.0674776,0.213869,0.14356,
1717652084.54199,-1.28548,-1.07805,-1.11722,-73.2809,572.655,670.703,-0,0,-0,0,0,0,0,0,0,0,0,0,0,0,0,0,0,0,0,0,0,0.0438831,0.0961666,0.0881918,0.0884599,0.20281,0.123324,0.0674776,0.213869,0.14356,
1717652084.74201,-1.28541,-1.07799,-1.11725,-73.3095,572.676,670.687,-0,0,-0,0,0,0,0,0,0,0,0,0,0,0,0,0,0,0,0,0,0,0.0438831,0.0961666,0.0881918,0.0884599,0.20281,0.123324,0.0674776,0.213869,0.14356,
1717652084.942,-1.28544,-1.07797,-1.11726,-73.3174,572.662,670.697,-0,0,-0,0,0,0,0,0,0,0,0,0,0,0,0,0,0,0,0,0,0,0.0438831,0.0961666,0.0881918,0.0884599,0.20281,0.123324,0.0674776,0.213869,0.14356,
1717652085.14201,-1.28546,-1.07802,-1.11726,-73.3068,572.656,670.695,-0,0,-0,0,0,0,0,0,0,0,0,0,0,0,0,0,0,0,0,0,0,0.0438831,0.0961666,0.0881918,0.0884599,0.20281,0.123324,0.0674776,0.213869,0.14356,
1717652085.34189,-1.2855,-1.07808,-1.11724,-73.2814,572.65,670.705,-0,0,-0,0,0,0,0,0,0,0,0,0,0,0,0,0,0,0,0,0,0,0.0438831,0.0961666,0.0881918,0.0884599,0.20281,0.123324,0.0674776,0.213869,0.14356,
1717652085.54201,-1.28545,-1.07802,-1.11723,-73.2877,572.669,670.691,-0,0,-0,0,0,0,0,0,0,0,0,0,0,0,0,0,0,0,0,0,0,0.0438831,0.0961666,0.0881918,0.0884599,0.20281,0.123324,0.0674776,0.213869,0.14356,
1717652085.74201,-1.28548,-1.078,-1.11734,-73.3365,572.645,670.71,-0,0,-0,0,0,0,0,0,0,0,0,0,0,0,0,0,0,0,0,0,0,0.0438831,0.0961666,0.0881918,0.0884599,0.20281,0.123324,0.0674776,0.213869,0.14356,
1717652085.94199,-1.28545,-1.07801,-1.11725,-73.3021,572.657,670.695,-0,0,-0,0,0,0,0,0,0,0,0,0,0,0,0,0,0,0,0,0,0,0.0438831,0.0961666,0.0881918,0.0884599,0.20281,0.123324,0.0674776,0.213869,0.14356,
1717652086.14197,-1.28547,-1.0782,-1.1174,-73.3293,572.654,670.704,-0,0,-0,0,0,0,0,0,0,0,0,0,0,0,0,0,0,0,0,0,0,0.0438831,0.0961666,0.0881918,0.0884599,0.20281,0.123324,0.0674776,0.213869,0.14356,
1717652086.34201,-1.28551,-1.078,-1.11735,-73.3317,572.638,670.718,-0,0,-0,0,0,0,0,0,0,0,0,0,0,0,0,0,0,0,0,0,0,0.0438831,0.0961666,0.0881918,0.0884599,0.20281,0.123324,0.0674776,0.213869,0.14356,
1717652086.54201,-1.28551,-1.07816,-1.11742,-73.3455,572.643,670.714,-0,0,-0,0,0,0,0,0,0,0,0,0,0,0,0,0,0,0,0,0,0,0.0438831,0.0961666,0.0881918,0.0884599,0.20281,0.123324,0.0674776,0.213869,0.14356,
1717652086.74201,-1.2854,-1.07809,-1.11716,-73.2583,572.69,670.662,-0,0,-0,0,0,0,0,0,0,0,0,0,0,0,0,0,0,0,0,0,0,0.0438831,0.0961666,0.0881918,0.0884599,0.20281,0.123324,0.0674776,0.213869,0.14356,
1717652086.942,-1.28551,-1.078,-1.11724,-73.2957,572.651,670.718,-0,0,-0,0,0,0,0,0,0,0,0,0,0,0,0,0,0,0,0,0,0,0.0438831,0.0961666,0.0881918,0.0884599,0.20281,0.123324,0.0674776,0.213869,0.14356,
1717652087.14187,-1.28551,-1.07807,-1.11721,-73.2729,572.651,670.699,-0,0,-0,0,0,0,0,0,0,0,0,0,0,0,0,0,0,0,0,0,0,0.0438831,0.0961666,0.0881918,0.0884599,0.20281,0.123324,0.0674776,0.213869,0.14356,
1717652087.34201,-1.28548,-1.07804,-1.11723,-73.2857,572.657,670.691,-0,0,-0,0,0,0,0,0,0,0,0,0,0,0,0,0,0,0,0,0,0,0.0438831,0.0961666,0.0881918,0.0884599,0.20281,0.123324,0.0674776,0.213869,0.14356,
1717652087.54189,-1.28545,-1.078,-1.11724,-73.2944,572.669,670.681,-0,0,-0,0,0,0,0,0,0,0,0,0,0,0,0,0,0,0,0,0,0,0.0438831,0.0961666,0.0881918,0.0884599,0.20281,0.123324,0.0674776,0.213869,0.14356,
1717652087.74201,-1.28542,-1.07806,-1.11722,-73.2833,572.673,670.669,-0,0,-0,0,0,0,0,0,0,0,0,0,0,0,0,0,0,0,0,0,0,0.0438831,0.0961666,0.0881918,0.0884599,0.20281,0.123324,0.0674776,0.213869,0.14356,
1717652087.94201,-1.2854,-1.07806,-1.11719,-73.274,572.685,670.657,-0,0,-0,0,0,0,0,0,0,0,0,0,0,0,0,0,0,0,0,0,0,0.0438831,0.0961666,0.0881918,0.0884599,0.20281,0.123324,0.0674776,0.213869,0.14356,
1717652088.14201,-1.28545,-1.07798,-1.11727,-73.3084,572.664,670.69,-0,0,-0,0,0,0,0,0,0,0,0,0,0,0,0,0,0,0,0,0,0,0.0438831,0.0961666,0.0881918,0.0884599,0.20281,0.123324,0.0674776,0.213869,0.14356,
1717652088.34183,-1.28549,-1.07803,-1.11727,-73.2937,572.651,670.697,-0,0,-0,0,0,0,0,0,0,0,0,0,0,0,0,0,0,0,0,0,0,0.0438831,0.0961666,0.0881918,0.0884599,0.20281,0.123324,0.0674776,0.213869,0.14356,
1717652088.54196,-1.28553,-1.07808,-1.11723,-73.2797,572.644,670.708,-0,0,-0,0,0,0,0,0,0,0,0,0,0,0,0,0,0,0,0,0,0,0.0438831,0.0961666,0.0881918,0.0884599,0.20281,0.123324,0.0674776,0.213869,0.14356,
1717652088.74201,-1.28548,-1.07805,-1.11724,-73.2869,572.658,670.694,-0,0,-0,0,0,0,0,0,0,0,0,0,0,0,0,0,0,0,0,0,0,0.0438831,0.0961666,0.0881918,0.0884599,0.20281,0.123324,0.0674776,0.213869,0.14356,
1717652088.94201,-1.28556,-1.07799,-1.11719,-73.2673,572.645,670.732,-0,0,-0,0,0,0,0,0,0,0,0,0,0,0,0,0,0,0,0,0,0,0.0438831,0.0961666,0.0881918,0.0884599,0.20281,0.123324,0.0674776,0.213869,0.14356,
1717652089.14201,-1.28545,-1.07805,-1.11719,-73.272,572.672,670.682,-0,0,-0,0,0,0,0,0,0,0,0,0,0,0,0,0,0,0,0,0,0,0.0438831,0.0961666,0.0881918,0.0884599,0.20281,0.123324,0.0674776,0.213869,0.14356,
1717652089.3419,-1.28547,-1.07819,-1.11742,-73.3428,572.648,670.704,-0,0,-0,0,0,0,0,0,0,0,0,0,0,0,0,0,0,0,0,0,0,0.0438831,0.0961666,0.0881918,0.0884599,0.20281,0.123324,0.0674776,0.213869,0.14356,
1717652089.54184,-1.28538,-1.07801,-1.11723,-73.2955,572.684,670.661,-0,0,-0,0,0,0,0,0,0,0,0,0,0,0,0,0,0,0,0,0,0,0.0438831,0.0961666,0.0881918,0.0884599,0.20281,0.123324,0.0674776,0.213869,0.14356,
1717652089.74189,-1.28544,-1.07809,-1.11716,-73.2494,572.67,670.671,-0,0,-0,0,0,0,0,0,0,0,0,0,0,0,0,0,0,0,0,0,0,0.0438831,0.0961666,0.0881918,0.0884599,0.20281,0.123324,0.0674776,0.213869,0.14356,
1717652089.94189,-1.28539,-1.07806,-1.11723,-73.2898,572.68,670.658,-0,0,-0,0,0,0,0,0,0,0,0,0,0,0,0,0,0,0,0,0,0,0.0438831,0.0961666,0.0881918,0.0884599,0.20281,0.123324,0.0674776,0.213869,0.14356,
1717652090.14199,-1.28549,-1.0781,-1.11748,-73.3799,572.64,670.726,-0,0,-0,0,0,0,0,0,0,0,0,0,0,0,0,0,0,0,0,0,0,0.0438831,0.0961666,0.0881918,0.0884599,0.20281,0.123324,0.0674776,0.213869,0.14356,
1717652090.34198,-1.28542,-1.07804,-1.11719,-73.2768,572.676,670.677,-0,0,-0,0,0,0,0,0,0,0,0,0,0,0,0,0,0,0,0,0,0,0.0438831,0.0961666,0.0881918,0.0884599,0.20281,0.123324,0.0674776,0.213869,0.14356,
1717652090.54201,-1.28547,-1.07808,-1.11726,-73.2924,572.656,670.695,-0,0,-0,0,0,0,0,0,0,0,0,0,0,0,0,0,0,0,0,0,0,0.0438831,0.0961666,0.0881918,0.0884599,0.20281,0.123324,0.0674776,0.213869,0.14356,
1717652090.74189,-1.2855,-1.07798,-1.11723,-73.2918,572.646,670.708,-0,0,-0,0,0,0,0,0,0,0,0,0,0,0,0,0,0,0,0,0,0,0.0438831,0.0961666,0.0881918,0.0884599,0.20281,0.123324,0.0674776,0.213869,0.14356,
1717652090.94202,-1.28539,-1.078,-1.11726,-73.3122,572.688,670.667,-0,0,-0,0,0,0,0,0,0,0,0,0,0,0,0,0,0,0,0,0,0,0.0438831,0.0961666,0.0881918,0.0884599,0.20281,0.123324,0.0674776,0.213869,0.14356,
1717652091.14188,-1.28553,-1.07805,-1.11718,-73.256,572.653,670.713,-0,0,-0,0,0,0,0,0,0,0,0,0,0,0,0,0,0,0,0,0,0,0.0438831,0.0961666,0.0881918,0.0884599,0.20281,0.123324,0.0674776,0.213869,0.14356,
1717652091.34201,-1.28547,-1.07804,-1.11723,-73.2833,572.658,670.698,-0,0,-0,0,0,0,0,0,0,0,0,0,0,0,0,0,0,0,0,0,0,0.0438831,0.0961666,0.0881918,0.0884599,0.20281,0.123324,0.0674776,0.213869,0.14356,
1717652091.54189,-1.28545,-1.07807,-1.11724,-73.2862,572.663,670.686,-0,0,-0,0,0,0,0,0,0,0,0,0,0,0,0,0,0,0,0,0,0,0.0438831,0.0961666,0.0881918,0.0884599,0.20281,0.123324,0.0674776,0.213869,0.14356,
1717652091.74198,-1.28549,-1.07801,-1.11733,-73.3328,572.648,670.706,-0,0,-0,0,0,0,0,0,0,0,0,0,0,0,0,0,0,0,0,0,0,0.0438831,0.0961666,0.0881918,0.0884599,0.20281,0.123324,0.0674776,0.213869,0.14356,
1717652091.94201,-1.28546,-1.07818,-1.11744,-73.3501,572.651,670.697,-0,0,-0,0,0,0,0,0,0,0,0,0,0,0,0,0,0,0,0,0,0,0.0438831,0.0961666,0.0881918,0.0884599,0.20281,0.123324,0.0674776,0.213869,0.14356,
1717652092.14201,-1.28553,-1.07801,-1.11723,-73.2893,572.644,670.717,-0,0,-0,0,0,0,0,0,0,0,0,0,0,0,0,0,0,0,0,0,0,0.0438831,0.0961666,0.0881918,0.0884599,0.20281,0.123324,0.0674776,0.213869,0.14356,
1717652092.342,-1.28541,-1.07805,-1.11714,-73.2541,572.689,670.67,-0,0,-0,0,0,0,0,0,0,0,0,0,0,0,0,0,0,0,0,0,0,0.0438831,0.0961666,0.0881918,0.0884599,0.20281,0.123324,0.0674776,0.213869,0.14356,
1717652092.54188,-1.28544,-1.07806,-1.11723,-73.2827,572.67,670.683,-0,0,-0,0,0,0,0,0,0,0,0,0,0,0,0,0,0,0,0,0,0,0.0438831,0.0961666,0.0881918,0.0884599,0.20281,0.123324,0.0674776,0.213869,0.14356,
1717652092.74187,-1.28549,-1.07801,-1.11732,-73.3165,572.639,670.703,-0,0,-0,0,0,0,0,0,0,0,0,0,0,0,0,0,0,0,0,0,0,0.0438831,0.0961666,0.0881918,0.0884599,0.20281,0.123324,0.0674776,0.213869,0.14356,
1717652092.94201,-1.28548,-1.07819,-1.11742,-73.3422,572.657,670.703,-0,0,-0,0,0,0,0,0,0,0,0,0,0,0,0,0,0,0,0,0,0,0.0438831,0.0961666,0.0881918,0.0884599,0.20281,0.123324,0.0674776,0.213869,0.14356,
1717652093.14201,-1.28542,-1.07803,-1.11728,-73.3104,572.673,670.681,-0,0,-0,0,0,0,0,0,0,0,0,0,0,0,0,0,0,0,0,0,0,0.0438831,0.0961666,0.0881918,0.0884599,0.20281,0.123324,0.0674776,0.213869,0.14356,
1717652093.342,-1.28543,-1.07801,-1.11724,-73.3003,572.673,670.689,-0,0,-0,0,0,0,0,0,0,0,0,0,0,0,0,0,0,0,0,0,0,0.0438831,0.0961666,0.0881918,0.0884599,0.20281,0.123324,0.0674776,0.213869,0.14356,
1717652093.54189,-1.28549,-1.0781,-1.1171,-73.2231,572.667,670.688,-0,0,-0,0,0,0,0,0,0,0,0,0,0,0,0,0,0,0,0,0,0,0.0438831,0.0961666,0.0881918,0.0884599,0.20281,0.123324,0.0674776,0.213869,0.14356,
1717652093.74197,-1.28545,-1.07809,-1.1172,-73.2625,572.668,670.676,-0,0,-0,0,0,0,0,0,0,0,0,0,0,0,0,0,0,0,0,0,0,0.0438831,0.0961666,0.0881918,0.0884599,0.20281,0.123324,0.0674776,0.213869,0.14356,
1717652093.94188,-1.28545,-1.07809,-1.11728,-73.2944,572.664,670.685,-0,0,-0,0,0,0,0,0,0,0,0,0,0,0,0,0,0,0,0,0,0,0.0438831,0.0961666,0.0881918,0.0884599,0.20281,0.123324,0.0674776,0.213869,0.14356,
1717652094.14198,-1.28548,-1.07802,-1.1172,-73.2764,572.661,670.694,-0,0,-0,0,0,0,0,0,0,0,0,0,0,0,0,0,0,0,0,0,0,0.0438831,0.0961666,0.0881918,0.0884599,0.20281,0.123324,0.0674776,0.213869,0.14356,
1717652094.34197,-1.28554,-1.07801,-1.11723,-73.2814,572.641,670.726,-0,0,-0,0,0,0,0,0,0,0,0,0,0,0,0,0,0,0,0,0,0,0.0438831,0.0961666,0.0881918,0.0884599,0.20281,0.123324,0.0674776,0.213869,0.14356,
1717652094.54196,-1.28546,-1.07814,-1.11745,-73.3591,572.655,670.701,-0,0,-0,0,0,0,0,0,0,0,0,0,0,0,0,0,0,0,0,0,0,0.0438831,0.0961666,0.0881918,0.0884599,0.20281,0.123324,0.0674776,0.213869,0.14356,
1717652094.742,-1.28544,-1.07809,-1.11721,-73.2751,572.677,670.676,-0,0,-0,0,0,0,0,0,0,0,0,0,0,0,0,0,0,0,0,0,0,0.0438831,0.0961666,0.0881918,0.0884599,0.20281,0.123324,0.0674776,0.213869,0.14356,
1717652094.942,-1.28542,-1.07811,-1.11717,-73.2537,572.68,670.662,-0,0,-0,0,0,0,0,0,0,0,0,0,0,0,0,0,0,0,0,0,0,0.0438831,0.0961666,0.0881918,0.0884599,0.20281,0.123324,0.0674776,0.213869,0.14356,
1717652095.14189,-1.28547,-1.07818,-1.11741,-73.3364,572.654,670.705,-0,0,-0,0,0,0,0,0,0,0,0,0,0,0,0,0,0,0,0,0,0,0.0438831,0.0961666,0.0881918,0.0884599,0.20281,0.123324,0.0674776,0.213869,0.14356,
1717652095.342,-1.28545,-1.07805,-1.11723,-73.2871,572.67,670.691,-0,0,-0,0,0,0,0,0,0,0,0,0,0,0,0,0,0,0,0,0,0,0.0438831,0.0961666,0.0881918,0.0884599,0.20281,0.123324,0.0674776,0.213869,0.14356,
1717652095.54179,-1.28546,-1.07805,-1.11725,-73.2944,572.666,670.692,-0,0,-0,0,0,0,0,0,0,0,0,0,0,0,0,0,0,0,0,0,0,0.0438831,0.0961666,0.0881918,0.0884599,0.20281,0.123324,0.0674776,0.213869,0.14356,
1717652095.74195,-1.28546,-1.07797,-1.1173,-73.3218,572.657,670.7,-0,0,-0,0,0,0,0,0,0,0,0,0,0,0,0,0,0,0,0,0,0,0.0438831,0.0961666,0.0881918,0.0884599,0.20281,0.123324,0.0674776,0.213869,0.14356,
1717652095.94202,-1.28542,-1.07809,-1.11723,-73.2814,572.673,670.666,-0,0,-0,0,0,0,0,0,0,0,0,0,0,0,0,0,0,0,0,0,0,0.0438831,0.0961666,0.0881918,0.0884599,0.20281,0.123324,0.0674776,0.213869,0.14356,
1717652096.142,-1.28542,-1.07809,-1.11725,-73.2854,572.671,670.673,-0,0,-0,0,0,0,0,0,0,0,0,0,0,0,0,0,0,0,0,0,0,0.0438831,0.0961666,0.0881918,0.0884599,0.20281,0.123324,0.0674776,0.213869,0.14356,
1717652096.34201,-1.28543,-1.07818,-1.11743,-73.3522,572.664,670.693,-0,0,-0,0,0,0,0,0,0,0,0,0,0,0,0,0,0,0,0,0,0,0.0438831,0.0961666,0.0881918,0.0884599,0.20281,0.123324,0.0674776,0.213869,0.14356,
1717652096.54201,-1.2855,-1.07801,-1.11721,-73.2793,572.66,670.706,-0,0,-0,0,0,0,0,0,0,0,0,0,0,0,0,0,0,0,0,0,0,0.0438831,0.0961666,0.0881918,0.0884599,0.20281,0.123324,0.0674776,0.213869,0.14356,
1717652096.74184,-1.28549,-1.07804,-1.11731,-73.3161,572.651,670.708,-0,0,-0,0,0,0,0,0,0,0,0,0,0,0,0,0,0,0,0,0,0,0.0438831,0.0961666,0.0881918,0.0884599,0.20281,0.123324,0.0674776,0.213869,0.14356,
1717652096.94192,-1.28546,-1.07806,-1.11732,-73.3177,572.657,670.691,-0,0,-0,0,0,0,0,0,0,0,0,0,0,0,0,0,0,0,0,0,0,0.0438831,0.0961666,0.0881918,0.0884599,0.20281,0.123324,0.0674776,0.213869,0.14356,
1717652097.14196,-1.2854,-1.0781,-1.11718,-73.2645,572.689,670.654,-0,0,-0,0,0,0,0,0,0,0,0,0,0,0,0,0,0,0,0,0,0,0.0438831,0.0961666,0.0881918,0.0884599,0.20281,0.123324,0.0674776,0.213869,0.14356,
1717652097.34201,-1.28541,-1.0781,-1.1172,-73.2696,572.682,670.666,-0,0,-0,0,0,0,0,0,0,0,0,0,0,0,0,0,0,0,0,0,0,0.0438831,0.0961666,0.0881918,0.0884599,0.20281,0.123324,0.0674776,0.213869,0.14356,
1717652097.542,-1.28546,-1.07806,-1.11728,-73.3026,572.665,670.697,-0,0,-0,0,0,0,0,0,0,0,0,0,0,0,0,0,0,0,0,0,0,0.0438831,0.0961666,0.0881918,0.0884599,0.20281,0.123324,0.0674776,0.213869,0.14356,
1717652097.74201,-1.28546,-1.078,-1.11728,-73.3144,572.665,670.698,-0,0,-0,0,0,0,0,0,0,0,0,0,0,0,0,0,0,0,0,0,0,0.0438831,0.0961666,0.0881918,0.0884599,0.20281,0.123324,0.0674776,0.213869,0.14356,
1717652097.942,-1.28552,-1.07804,-1.11727,-73.2982,572.641,670.719,-0,0,-0,0,0,0,0,0,0,0,0,0,0,0,0,0,0,0,0,0,0,0.0438831,0.0961666,0.0881918,0.0884599,0.20281,0.123324,0.0674776,0.213869,0.14356,
1717652098.14197,-1.28551,-1.07804,-1.11723,-73.2799,572.643,670.709,-0,0,-0,0,0,0,0,0,0,0,0,0,0,0,0,0,0,0,0,0,0,0.0438831,0.0961666,0.0881918,0.0884599,0.20281,0.123324,0.0674776,0.213869,0.14356,
1717652098.34201,-1.28551,-1.07818,-1.11747,-73.3589,572.643,670.723,-0,0,-0,0,0,0,0,0,0,0,0,0,0,0,0,0,0,0,0,0,0,0.0438831,0.0961666,0.0881918,0.0884599,0.20281,0.123324,0.0674776,0.213869,0.14356,
1717652098.54201,-1.28538,-1.07814,-1.11717,-73.2591,572.694,670.655,-0,0,-0,0,0,0,0,0,0,0,0,0,0,0,0,0,0,0,0,0,0,0.0438831,0.0961666,0.0881918,0.0884599,0.20281,0.123324,0.0674776,0.213869,0.14356,
1717652098.74191,-1.28548,-1.07804,-1.11718,-73.2624,572.659,670.695,-0,0,-0,0,0,0,0,0,0,0,0,0,0,0,0,0,0,0,0,0,0,0.0438831,0.0961666,0.0881918,0.0884599,0.20281,0.123324,0.0674776,0.213869,0.14356,
1717652098.94197,-1.28542,-1.07804,-1.11723,-73.2885,572.667,670.676,-0,0,-0,0,0,0,0,0,0,0,0,0,0,0,0,0,0,0,0,0,0,0.0438831,0.0961666,0.0881918,0.0884599,0.20281,0.123324,0.0674776,0.213869,0.14356,
1717652099.14191,-1.28543,-1.07817,-1.11733,-73.3094,572.667,670.68,-0,0,-0,0,0,0,0,0,0,0,0,0,0,0,0,0,0,0,0,0,0,0.0438831,0.0961666,0.0881918,0.0884599,0.20281,0.123324,0.0674776,0.213869,0.14356,
1717652099.3419,-1.28546,-1.07806,-1.11723,-73.2825,572.661,670.694,-0,0,-0,0,0,0,0,0,0,0,0,0,0,0,0,0,0,0,0,0,0,0.0438831,0.0961666,0.0881918,0.0884599,0.20281,0.123324,0.0674776,0.213869,0.14356,
1717652099.54189,-1.28537,-1.07803,-1.11727,-73.3179,572.682,670.673,-0,0,-0,0,0,0,0,0,0,0,0,0,0,0,0,0,0,0,0,0,0,0.0438831,0.0961666,0.0881918,0.0884599,0.20281,0.123324,0.0674776,0.213869,0.14356,
1717652099.74196,-1.28548,-1.07804,-1.11724,-73.2925,572.659,670.712,-0,0,-0,0,0,0,0,0,0,0,0,0,0,0,0,0,0,0,0,0,0,0.0438831,0.0961666,0.0881918,0.0884599,0.20281,0.123324,0.0674776,0.213869,0.14356,
1717652099.94198,-1.28538,-1.0781,-1.11717,-73.2606,572.693,670.656,-0,0,-0,0,0,0,0,0,0,0,0,0,0,0,0,0,0,0,0,0,0,0.0438831,0.0961666,0.0881918,0.0884599,0.20281,0.123324,0.0674776,0.213869,0.14356,
1717652100.14197,-1.2855,-1.07802,-1.11731,-73.3162,572.644,670.712,-0,0,-0,0,0,0,0,0,0,0,0,0,0,0,0,0,0,0,0,0,0,0.0438831,0.0961666,0.0881918,0.0884599,0.20281,0.123324,0.0674776,0.213869,0.14356,
1717652100.34199,-1.28546,-1.07806,-1.11725,-73.291,572.66,670.687,-0,0,-0,0,0,0,0,0,0,0,0,0,0,0,0,0,0,0,0,0,0,0.0438831,0.0961666,0.0881918,0.0884599,0.20281,0.123324,0.0674776,0.213869,0.14356,
1717652100.54197,-1.28546,-1.07825,-1.11737,-73.3145,572.661,670.695,-0,0,-0,0,0,0,0,0,0,0,0,0,0,0,0,0,0,0,0,0,0,0.0438831,0.0961666,0.0881918,0.0884599,0.20281,0.123324,0.0674776,0.213869,0.14356,
1717652100.74188,-1.28544,-1.07806,-1.11723,-73.2792,572.67,670.688,-0,0,-0,0,0,0,0,0,0,0,0,0,0,0,0,0,0,0,0,0,0,0.0438831,0.0961666,0.0881918,0.0884599,0.20281,0.123324,0.0674776,0.213869,0.14356,
1717652100.94197,-1.28545,-1.07805,-1.11727,-73.2996,572.665,670.693,-0,0,-0,0,0,0,0,0,0,0,0,0,0,0,0,0,0,0,0,0,0,0.0438831,0.0961666,0.0881918,0.0884599,0.20281,0.123324,0.0674776,0.213869,0.14356,
1717652101.14197,-1.28549,-1.078,-1.11729,-73.314,572.651,670.706,-0,0,-0,0,0,0,0,0,0,0,0,0,0,0,0,0,0,0,0,0,0,0.0438831,0.0961666,0.0881918,0.0884599,0.20281,0.123324,0.0674776,0.213869,0.14356,
1717652101.34184,-1.28552,-1.07819,-1.11744,-73.3425,572.643,670.723,-0,0,-0,0,0,0,0,0,0,0,0,0,0,0,0,0,0,0,0,0,0,0.0438831,0.0961666,0.0881918,0.0884599,0.20281,0.123324,0.0674776,0.213869,0.14356,
1717652101.54201,-1.28545,-1.07806,-1.11724,-73.2841,572.667,670.686,-0,0,-0,0,0,0,0,0,0,0,0,0,0,0,0,0,0,0,0,0,0,0.0438831,0.0961666,0.0881918,0.0884599,0.20281,0.123324,0.0674776,0.213869,0.14356,
1717652101.74199,-1.28541,-1.07809,-1.1172,-73.2725,572.684,670.668,-0,0,-0,0,0,0,0,0,0,0,0,0,0,0,0,0,0,0,0,0,0,0.0438831,0.0961666,0.0881918,0.0884599,0.20281,0.123324,0.0674776,0.213869,0.14356,
1717652101.94199,-1.28539,-1.0782,-1.11732,-73.3088,572.691,670.67,-0,0,-0,0,0,0,0,0,0,0,0,0,0,0,0,0,0,0,0,0,0,0.0438831,0.0961666,0.0881918,0.0884599,0.20281,0.123324,0.0674776,0.213869,0.14356,
1717652102.14198,-1.2855,-1.07805,-1.11725,-73.2821,572.659,670.697,-0,0,-0,0,0,0,0,0,0,0,0,0,0,0,0,0,0,0,0,0,0,0.0438831,0.0961666,0.0881918,0.0884599,0.20281,0.123324,0.0674776,0.213869,0.14356,
1717652102.342,-1.28549,-1.07805,-1.11725,-73.2855,572.655,670.695,-0,0,-0,0,0,0,0,0,0,0,0,0,0,0,0,0,0,0,0,0,0,0.0438831,0.0961666,0.0881918,0.0884599,0.20281,0.123324,0.0674776,0.213869,0.14356,
1717652102.54199,-1.28547,-1.07807,-1.11716,-73.2497,572.671,670.678,-0,0,-0,0,0,0,0,0,0,0,0,0,0,0,0,0,0,0,0,0,0,0.0438831,0.0961666,0.0881918,0.0884599,0.20281,0.123324,0.0674776,0.213869,0.14356,
1717652102.742,-1.2855,-1.07803,-1.11726,-73.2898,572.652,670.713,-0,0,-0,0,0,0,0,0,0,0,0,0,0,0,0,0,0,0,0,0,0,0.0438831,0.0961666,0.0881918,0.0884599,0.20281,0.123324,0.0674776,0.213869,0.14356,
1717652102.942,-1.28546,-1.07806,-1.11725,-73.2848,572.66,670.695,-0,0,-0,0,0,0,0,0,0,0,0,0,0,0,0,0,0,0,0,0,0,0.0438831,0.0961666,0.0881918,0.0884599,0.20281,0.123324,0.0674776,0.213869,0.14356,
1717652103.14195,-1.28543,-1.07805,-1.11721,-73.2766,572.673,670.671,-0,0,-0,0,0,0,0,0,0,0,0,0,0,0,0,0,0,0,0,0,0,0.0438831,0.0961666,0.0881918,0.0884599,0.20281,0.123324,0.0674776,0.213869,0.14356,
1717652103.34189,-1.28549,-1.07807,-1.11722,-73.2688,572.657,670.697,-0,0,-0,0,0,0,0,0,0,0,0,0,0,0,0,0,0,0,0,0,0,0.0438831,0.0961666,0.0881918,0.0884599,0.20281,0.123324,0.0674776,0.213869,0.14356,
1717652103.54199,-1.28549,-1.07802,-1.1172,-73.2663,572.659,670.698,-0,0,-0,0,0,0,0,0,0,0,0,0,0,0,0,0,0,0,0,0,0,0.0438831,0.0961666,0.0881918,0.0884599,0.20281,0.123324,0.0674776,0.213869,0.14356,
1717652103.74188,-1.28542,-1.07808,-1.11723,-73.2813,572.675,670.668,-0,0,-0,0,0,0,0,0,0,0,0,0,0,0,0,0,0,0,0,0,0,0.0438831,0.0961666,0.0881918,0.0884599,0.20281,0.123324,0.0674776,0.213869,0.14356,
1717652103.94196,-1.28548,-1.07819,-1.11738,-73.3216,572.658,670.706,-0,0,-0,0,0,0,0,0,0,0,0,0,0,0,0,0,0,0,0,0,0,0.0438831,0.0961666,0.0881918,0.0884599,0.20281,0.123324,0.0674776,0.213869,0.14356,
1717652104.14196,-1.28544,-1.078,-1.11727,-73.3027,572.663,670.694,-0,0,-0,0,0,0,0,0,0,0,0,0,0,0,0,0,0,0,0,0,0,0.0438831,0.0961666,0.0881918,0.0884599,0.20281,0.123324,0.0674776,0.213869,0.14356,
1717652104.34189,-1.28553,-1.07802,-1.11723,-73.2815,572.64,670.716,-0,0,-0,0,0,0,0,0,0,0,0,0,0,0,0,0,0,0,0,0,0,0.0438831,0.0961666,0.0881918,0.0884599,0.20281,0.123324,0.0674776,0.213869,0.14356,
1717652104.542,-1.28552,-1.07807,-1.1172,-73.2576,572.648,670.711,-0,0,-0,0,0,0,0,0,0,0,0,0,0,0,0,0,0,0,0,0,0,0.0438831,0.0961666,0.0881918,0.0884599,0.20281,0.123324,0.0674776,0.213869,0.14356,
1717652104.74198,-1.28553,-1.07807,-1.1173,-73.2969,572.644,670.723,-0,0,-0,0,0,0,0,0,0,0,0,0,0,0,0,0,0,0,0,0,0,0.0438831,0.0961666,0.0881918,0.0884599,0.20281,0.123324,0.0674776,0.213869,0.14356,
1717652104.94196,-1.28546,-1.07805,-1.11726,-73.2901,572.662,670.692,-0,0,-0,0,0,0,0,0,0,0,0,0,0,0,0,0,0,0,0,0,0,0.0438831,0.0961666,0.0881918,0.0884599,0.20281,0.123324,0.0674776,0.213869,0.14356,
1717652105.14197,-1.2855,-1.07808,-1.11725,-73.2754,572.655,670.702,-0,0,-0,0,0,0,0,0,0,0,0,0,0,0,0,0,0,0,0,0,0,0.0438831,0.0961666,0.0881918,0.0884599,0.20281,0.123324,0.0674776,0.213869,0.14356,
1717652105.342,-1.28546,-1.07808,-1.11719,-73.2556,572.672,670.683,-0,0,-0,0,0,0,0,0,0,0,0,0,0,0,0,0,0,0,0,0,0,0.0438831,0.0961666,0.0881918,0.0884599,0.20281,0.123324,0.0674776,0.213869,0.14356,
1717652105.54199,-1.28535,-1.07807,-1.11719,-73.2763,572.699,670.645,-0,0,-0,0,0,0,0,0,0,0,0,0,0,0,0,0,0,0,0,0,0,0.0438831,0.0961666,0.0881918,0.0884599,0.20281,0.123324,0.0674776,0.213869,0.14356,
1717652105.742,-1.28543,-1.07805,-1.11721,-73.2748,572.672,670.669,-0,0,-0,0,0,0,0,0,0,0,0,0,0,0,0,0,0,0,0,0,0,0.0438831,0.0961666,0.0881918,0.0884599,0.20281,0.123324,0.0674776,0.213869,0.14356,
1717652105.942,-1.28553,-1.07803,-1.11728,-73.2998,572.644,670.718,-0,0,-0,0,0,0,0,0,0,0,0,0,0,0,0,0,0,0,0,0,0,0.0438831,0.0961666,0.0881918,0.0884599,0.20281,0.123324,0.0674776,0.213869,0.14356,
1717652106.142,-1.28555,-1.07804,-1.11721,-73.2637,572.643,670.718,-0,0,-0,0,0,0,0,0,0,0,0,0,0,0,0,0,0,0,0,0,0,0.0438831,0.0961666,0.0881918,0.0884599,0.20281,0.123324,0.0674776,0.213869,0.14356,
1717652106.34187,-1.28545,-1.07808,-1.11722,-73.2734,572.666,670.685,-0,0,-0,0,0,0,0,0,0,0,0,0,0,0,0,0,0,0,0,0,0,0.0438831,0.0961666,0.0881918,0.0884599,0.20281,0.123324,0.0674776,0.213869,0.14356,
1717652106.54201,-1.28548,-1.07805,-1.11725,-73.2836,572.656,670.692,-0,0,-0,0,0,0,0,0,0,0,0,0,0,0,0,0,0,0,0,0,0,0.0438831,0.0961666,0.0881918,0.0884599,0.20281,0.123324,0.0674776,0.213869,0.14356,
1717652106.742,-1.28547,-1.07803,-1.11722,-73.2801,572.664,670.688,-0,0,-0,0,0,0,0,0,0,0,0,0,0,0,0,0,0,0,0,0,0,0.0438831,0.0961666,0.0881918,0.0884599,0.20281,0.123324,0.0674776,0.213869,0.14356,
1717652106.942,-1.28544,-1.07799,-1.11729,-73.3134,572.668,670.682,-0,0,-0,0,0,0,0,0,0,0,0,0,0,0,0,0,0,0,0,0,0,0.0438831,0.0961666,0.0881918,0.0884599,0.20281,0.123324,0.0674776,0.213869,0.14356,
1717652107.14184,-1.28555,-1.07817,-1.11739,-73.3254,572.638,670.727,-0,0,-0,0,0,0,0,0,0,0,0,0,0,0,0,0,0,0,0,0,0,0.0438831,0.0961666,0.0881918,0.0884599,0.20281,0.123324,0.0674776,0.213869,0.14356,
1717652107.34198,-1.28546,-1.07811,-1.11726,-73.2837,572.666,670.685,-0,0,-0,0,0,0,0,0,0,0,0,0,0,0,0,0,0,0,0,0,0,0.0438831,0.0961666,0.0881918,0.0884599,0.20281,0.123324,0.0674776,0.213869,0.14356,
1717652107.54201,-1.2855,-1.07808,-1.11727,-73.2911,572.654,670.702,-0,0,-0,0,0,0,0,0,0,0,0,0,0,0,0,0,0,0,0,0,0,0.0438831,0.0961666,0.0881918,0.0884599,0.20281,0.123324,0.0674776,0.213869,0.14356,
1717652107.74189,-1.28548,-1.07801,-1.11725,-73.2973,572.663,670.696,-0,0,-0,0,0,0,0,0,0,0,0,0,0,0,0,0,0,0,0,0,0,0.0438831,0.0961666,0.0881918,0.0884599,0.20281,0.123324,0.0674776,0.213869,0.14356,
1717652107.94201,-1.28546,-1.07822,-1.11734,-73.3088,572.666,670.685,-0,0,-0,0,0,0,0,0,0,0,0,0,0,0,0,0,0,0,0,0,0,0.0438831,0.0961666,0.0881918,0.0884599,0.20281,0.123324,0.0674776,0.213869,0.14356,
1717652108.142,-1.28547,-1.07824,-1.11739,-73.3175,572.656,670.696,-0,0,-0,0,0,0,0,0,0,0,0,0,0,0,0,0,0,0,0,0,0,0.0438831,0.0961666,0.0881918,0.0884599,0.20281,0.123324,0.0674776,0.213869,0.14356,
1717652108.34186,-1.28545,-1.0781,-1.11722,-73.2676,572.669,670.674,-0,0,-0,0,0,0,0,0,0,0,0,0,0,0,0,0,0,0,0,0,0,0.0438831,0.0961666,0.0881918,0.0884599,0.20281,0.123324,0.0674776,0.213869,0.14356,
1717652108.54199,-1.28547,-1.07805,-1.11723,-73.2793,572.662,670.688,-0,0,-0,0,0,0,0,0,0,0,0,0,0,0,0,0,0,0,0,0,0,0.0438831,0.0961666,0.0881918,0.0884599,0.20281,0.123324,0.0674776,0.213869,0.14356,
1717652108.74186,-1.2854,-1.07805,-1.11726,-73.2979,572.679,670.664,-0,0,-0,0,0,0,0,0,0,0,0,0,0,0,0,0,0,0,0,0,0,0.0438831,0.0961666,0.0881918,0.0884599,0.20281,0.123324,0.0674776,0.213869,0.14356,
1717652108.942,-1.28544,-1.07807,-1.11723,-73.2767,572.673,670.672,-0,0,-0,0,0,0,0,0,0,0,0,0,0,0,0,0,0,0,0,0,0,0.0438831,0.0961666,0.0881918,0.0884599,0.20281,0.123324,0.0674776,0.213869,0.14356,
1717652109.142,-1.28547,-1.07802,-1.1173,-73.3123,572.66,670.691,-0,0,-0,0,0,0,0,0,0,0,0,0,0,0,0,0,0,0,0,0,0,0.0438831,0.0961666,0.0881918,0.0884599,0.20281,0.123324,0.0674776,0.213869,0.14356,
1717652109.34187,-1.28545,-1.07803,-1.11732,-73.3138,572.663,670.689,-0,0,-0,0,0,0,0,0,0,0,0,0,0,0,0,0,0,0,0,0,0,0.0438831,0.0961666,0.0881918,0.0884599,0.20281,0.123324,0.0674776,0.213869,0.14356,
1717652109.54199,-1.2854,-1.07812,-1.1172,-73.2694,572.687,670.662,-0,0,-0,0,0,0,0,0,0,0,0,0,0,0,0,0,0,0,0,0,0,0.0438831,0.0961666,0.0881918,0.0884599,0.20281,0.123324,0.0674776,0.213869,0.14356,
1717652109.74199,-1.28545,-1.07806,-1.1172,-73.2698,572.671,670.679,-0,0,-0,0,0,0,0,0,0,0,0,0,0,0,0,0,0,0,0,0,0,0.0438831,0.0961666,0.0881918,0.0884599,0.20281,0.123324,0.0674776,0.213869,0.14356,
1717652109.94199,-1.28544,-1.07813,-1.11724,-73.2735,572.671,670.681,-0,0,-0,0,0,0,0,0,0,0,0,0,0,0,0,0,0,0,0,0,0,0.0438831,0.0961666,0.0881918,0.0884599,0.20281,0.123324,0.0674776,0.213869,0.14356,
1717652110.14198,-1.28543,-1.07806,-1.11715,-73.2527,572.677,670.664,-0,0,-0,0,0,0,0,0,0,0,0,0,0,0,0,0,0,0,0,0,0,0.0438831,0.0961666,0.0881918,0.0884599,0.20281,0.123324,0.0674776,0.213869,0.14356,
1717652110.34195,-1.28549,-1.07806,-1.11725,-73.2904,572.657,670.692,-0,0,-0,0,0,0,0,0,0,0,0,0,0,0,0,0,0,0,0,0,0,0.0438831,0.0961666,0.0881918,0.0884599,0.20281,0.123324,0.0674776,0.213869,0.14356,
1717652110.542,-1.28546,-1.07798,-1.11727,-73.3114,572.664,670.695,-0,0,-0,0,0,0,0,0,0,0,0,0,0,0,0,0,0,0,0,0,0,0.0438831,0.0961666,0.0881918,0.0884599,0.20281,0.123324,0.0674776,0.213869,0.14356,
1717652110.742,-1.28543,-1.07807,-1.11727,-73.297,572.675,670.68,-0,0,-0,0,0,0,0,0,0,0,0,0,0,0,0,0,0,0,0,0,0,0.0438831,0.0961666,0.0881918,0.0884599,0.20281,0.123324,0.0674776,0.213869,0.14356,
1717652110.942,-1.28551,-1.07817,-1.11747,-73.364,572.642,670.716,-0,0,-0,0,0,0,0,0,0,0,0,0,0,0,0,0,0,0,0,0,0,0.0438831,0.0961666,0.0881918,0.0884599,0.20281,0.123324,0.0674776,0.213869,0.14356,
1717652111.14201,-1.28544,-1.07804,-1.11726,-73.2946,572.67,670.677,-0,0,-0,0,0,0,0,0,0,0,0,0,0,0,0,0,0,0,0,0,0,0.0438831,0.0961666,0.0881918,0.0884599,0.20281,0.123324,0.0674776,0.213869,0.14356,
1717652111.34199,-1.28545,-1.07807,-1.1172,-73.2662,572.675,670.674,-0,0,-0,0,0,0,0,0,0,0,0,0,0,0,0,0,0,0,0,0,0,0.0438831,0.0961666,0.0881918,0.0884599,0.20281,0.123324,0.0674776,0.213869,0.14356,
1717652111.54201,-1.28545,-1.07805,-1.11719,-73.2707,572.676,670.675,-0,0,-0,0,0,0,0,0,0,0,0,0,0,0,0,0,0,0,0,0,0,0.0438831,0.0961666,0.0881918,0.0884599,0.20281,0.123324,0.0674776,0.213869,0.14356,
1717652111.74199,-1.28545,-1.07805,-1.1173,-73.3131,572.667,670.689,-0,0,-0,0,0,0,0,0,0,0,0,0,0,0,0,0,0,0,0,0,0,0.0438831,0.0961666,0.0881918,0.0884599,0.20281,0.123324,0.0674776,0.213869,0.14356,
1717652111.94195,-1.28553,-1.07821,-1.11737,-73.3101,572.654,670.709,-0,0,-0,0,0,0,0,0,0,0,0,0,0,0,0,0,0,0,0,0,0,0.0438831,0.0961666,0.0881918,0.0884599,0.20281,0.123324,0.0674776,0.213869,0.14356,
1717652112.142,-1.28547,-1.07823,-1.11734,-73.3022,572.667,670.686,-0,0,-0,0,0,0,0,0,0,0,0,0,0,0,0,0,0,0,0,0,0,0.0438831,0.0961666,0.0881918,0.0884599,0.20281,0.123324,0.0674776,0.213869,0.14356,
1717652112.34201,-1.28557,-1.07817,-1.11737,-73.3168,572.633,670.73,-0,0,-0,0,0,0,0,0,0,0,0,0,0,0,0,0,0,0,0,0,0,0.0438831,0.0961666,0.0881918,0.0884599,0.20281,0.123324,0.0674776,0.213869,0.14356,
1717652112.54199,-1.28547,-1.07803,-1.11735,-73.333,572.66,670.701,-0,0,-0,0,0,0,0,0,0,0,0,0,0,0,0,0,0,0,0,0,0,0.0438831,0.0961666,0.0881918,0.0884599,0.20281,0.123324,0.0674776,0.213869,0.14356,
1717652112.74186,-1.28548,-1.07806,-1.11723,-73.2792,572.665,670.698,-0,0,-0,0,0,0,0,0,0,0,0,0,0,0,0,0,0,0,0,0,0,0.0438831,0.0961666,0.0881918,0.0884599,0.20281,0.123324,0.0674776,0.213869,0.14356,
1717652112.94179,-1.28557,-1.07807,-1.11729,-73.2936,572.638,670.733,-0,0,-0,0,0,0,0,0,0,0,0,0,0,0,0,0,0,0,0,0,0,0.0438831,0.0961666,0.0881918,0.0884599,0.20281,0.123324,0.0674776,0.213869,0.14356,
1717652113.14188,-1.28545,-1.07822,-1.11737,-73.3208,572.669,670.688,-0,0,-0,0,0,0,0,0,0,0,0,0,0,0,0,0,0,0,0,0,0,0.0438831,0.0961666,0.0881918,0.0884599,0.20281,0.123324,0.0674776,0.213869,0.14356,
1717652113.34188,-1.28547,-1.07805,-1.11728,-73.304,572.662,670.69,-0,0,-0,0,0,0,0,0,0,0,0,0,0,0,0,0,0,0,0,0,0,0.0438831,0.0961666,0.0881918,0.0884599,0.20281,0.123324,0.0674776,0.213869,0.14356,
1717652113.54183,-1.28544,-1.07816,-1.11742,-73.3486,572.664,670.689,-0,0,-0,0,0,0,0,0,0,0,0,0,0,0,0,0,0,0,0,0,0,0.0438831,0.0961666,0.0881918,0.0884599,0.20281,0.123324,0.0674776,0.213869,0.14356,
1717652113.742,-1.2855,-1.07823,-1.11728,-73.2743,572.66,670.696,-0,0,-0,0,0,0,0,0,0,0,0,0,0,0,0,0,0,0,0,0,0,0.0438831,0.0961666,0.0881918,0.0884599,0.20281,0.123324,0.0674776,0.213869,0.14356,
1717652113.94195,-1.28558,-1.07801,-1.11724,-73.2774,572.635,670.735,-0,0,-0,0,0,0,0,0,0,0,0,0,0,0,0,0,0,0,0,0,0,0.0438831,0.0961666,0.0881918,0.0884599,0.20281,0.123324,0.0674776,0.213869,0.14356,
1717652114.14198,-1.28538,-1.07818,-1.11725,-73.2789,572.696,670.656,-0,0,-0,0,0,0,0,0,0,0,0,0,0,0,0,0,0,0,0,0,0,0.0438831,0.0961666,0.0881918,0.0884599,0.20281,0.123324,0.0674776,0.213869,0.14356,
1717652114.34196,-1.28543,-1.07804,-1.11731,-73.3167,572.662,670.685,-0,0,-0,0,0,0,0,0,0,0,0,0,0,0,0,0,0,0,0,0,0,0.0438831,0.0961666,0.0881918,0.0884599,0.20281,0.123324,0.0674776,0.213869,0.14356,
1717652114.54199,-1.28541,-1.07805,-1.11731,-73.3224,572.669,670.685,-0,0,-0,0,0,0,0,0,0,0,0,0,0,0,0,0,0,0,0,0,0,0.0438831,0.0961666,0.0881918,0.0884599,0.20281,0.123324,0.0674776,0.213869,0.14356,
1717652114.74196,-1.28553,-1.078,-1.11726,-73.3009,572.64,670.732,-0,0,-0,0,0,0,0,0,0,0,0,0,0,0,0,0,0,0,0,0,0,0.0438831,0.0961666,0.0881918,0.0884599,0.20281,0.123324,0.0674776,0.213869,0.14356,
1717652114.94187,-1.28552,-1.07805,-1.11725,-73.2834,572.649,670.719,-0,0,-0,0,0,0,0,0,0,0,0,0,0,0,0,0,0,0,0,0,0,0.0438831,0.0961666,0.0881918,0.0884599,0.20281,0.123324,0.0674776,0.213869,0.14356,
1717652115.14187,-1.28546,-1.07805,-1.11726,-73.2962,572.661,670.694,-0,0,-0,0,0,0,0,0,0,0,0,0,0,0,0,0,0,0,0,0,0,0.0438831,0.0961666,0.0881918,0.0884599,0.20281,0.123324,0.0674776,0.213869,0.14356,
1717652115.34189,-1.28545,-1.07802,-1.1173,-73.3199,572.663,670.694,-0,0,-0,0,0,0,0,0,0,0,0,0,0,0,0,0,0,0,0,0,0,0.0438831,0.0961666,0.0881918,0.0884599,0.20281,0.123324,0.0674776,0.213869,0.14356,
1717652115.542,-1.28544,-1.07808,-1.11723,-73.2787,572.672,670.683,-0,0,-0,0,0,0,0,0,0,0,0,0,0,0,0,0,0,0,0,0,0,0.0438831,0.0961666,0.0881918,0.0884599,0.20281,0.123324,0.0674776,0.213869,0.14356,
1717652115.742,-1.28554,-1.07803,-1.11729,-73.3041,572.64,670.732,-0,0,-0,0,0,0,0,0,0,0,0,0,0,0,0,0,0,0,0,0,0,0.0438831,0.0961666,0.0881918,0.0884599,0.20281,0.123324,0.0674776,0.213869,0.14356,
1717652115.94196,-1.28544,-1.07804,-1.11721,-73.2835,572.667,670.691,-0,0,-0,0,0,0,0,0,0,0,0,0,0,0,0,0,0,0,0,0,0,0.0438831,0.0961666,0.0881918,0.0884599,0.20281,0.123324,0.0674776,0.213869,0.14356,
1717652116.14201,-1.28549,-1.07801,-1.11736,-73.3367,572.646,670.724,-0,0,-0,0,0,0,0,0,0,0,0,0,0,0,0,0,0,0,0,0,0,0.0438831,0.0961666,0.0881918,0.0884599,0.20281,0.123324,0.0674776,0.213869,0.14356,
1717652116.342,-1.28538,-1.07808,-1.11728,-73.3057,572.684,670.674,-0,0,-0,0,0,0,0,0,0,0,0,0,0,0,0,0,0,0,0,0,0,0.0438831,0.0961666,0.0881918,0.0884599,0.20281,0.123324,0.0674776,0.213869,0.14356,
1717652116.54188,-1.28542,-1.07806,-1.11724,-73.2921,572.669,670.681,-0,0,-0,0,0,0,0,0,0,0,0,0,0,0,0,0,0,0,0,0,0,0.0438831,0.0961666,0.0881918,0.0884599,0.20281,0.123324,0.0674776,0.213869,0.14356,
1717652116.74198,-1.28546,-1.07804,-1.11726,-73.2994,572.66,670.698,-0,0,-0,0,0,0,0,0,0,0,0,0,0,0,0,0,0,0,0,0,0,0.0438831,0.0961666,0.0881918,0.0884599,0.20281,0.123324,0.0674776,0.213869,0.14356,
1717652116.942,-1.28547,-1.07802,-1.11725,-73.2965,572.668,670.697,-0,0,-0,0,0,0,0,0,0,0,0,0,0,0,0,0,0,0,0,0,0,0.0438831,0.0961666,0.0881918,0.0884599,0.20281,0.123324,0.0674776,0.213869,0.14356,
1717652117.142,-1.28547,-1.07811,-1.11722,-73.2719,572.665,670.698,-0,0,-0,0,0,0,0,0,0,0,0,0,0,0,0,0,0,0,0,0,0,0.0438831,0.0961666,0.0881918,0.0884599,0.20281,0.123324,0.0674776,0.213869,0.14356,
1717652117.342,-1.28542,-1.07815,-1.11721,-73.264,572.68,670.674,-0,0,-0,0,0,0,0,0,0,0,0,0,0,0,0,0,0,0,0,0,0,0.0438831,0.0961666,0.0881918,0.0884599,0.20281,0.123324,0.0674776,0.213869,0.14356,
1717652117.542,-1.28542,-1.0782,-1.11735,-73.3157,572.675,670.686,-0,0,-0,0,0,0,0,0,0,0,0,0,0,0,0,0,0,0,0,0,0,0.0438831,0.0961666,0.0881918,0.0884599,0.20281,0.123324,0.0674776,0.213869,0.14356,
1717652117.74202,-1.28542,-1.07803,-1.11726,-73.301,572.676,670.679,-0,0,-0,0,0,0,0,0,0,0,0,0,0,0,0,0,0,0,0,0,0,0.0438831,0.0961666,0.0881918,0.0884599,0.20281,0.123324,0.0674776,0.213869,0.14356,
1717652117.942,-1.28544,-1.07813,-1.11728,-73.2877,572.668,670.682,-0,0,-0,0,0,0,0,0,0,0,0,0,0,0,0,0,0,0,0,0,0,0.0438831,0.0961666,0.0881918,0.0884599,0.20281,0.123324,0.0674776,0.213869,0.14356,
1717652118.14187,-1.28547,-1.0781,-1.11723,-73.2737,572.669,670.69,-0,0,-0,0,0,0,0,0,0,0,0,0,0,0,0,0,0,0,0,0,0,0.0438831,0.0961666,0.0881918,0.0884599,0.20281,0.123324,0.0674776,0.213869,0.14356,
1717652118.34189,-1.28543,-1.07804,-1.11726,-73.2972,572.67,670.69,-0,0,-0,0,0,0,0,0,0,0,0,0,0,0,0,0,0,0,0,0,0,0.0438831,0.0961666,0.0881918,0.0884599,0.20281,0.123324,0.0674776,0.213869,0.14356,
1717652118.54201,-1.28548,-1.07819,-1.11739,-73.3319,572.654,670.71,-0,0,-0,0,0,0,0,0,0,0,0,0,0,0,0,0,0,0,0,0,0,0.0438831,0.0961666,0.0881918,0.0884599,0.20281,0.123324,0.0674776,0.213869,0.14356,
1717652118.74188,-1.28548,-1.07812,-1.1175,-73.3882,572.645,670.723,-0,0,-0,0,0,0,0,0,0,0,0,0,0,0,0,0,0,0,0,0,0,0.0438831,0.0961666,0.0881918,0.0884599,0.20281,0.123324,0.0674776,0.213869,0.14356,
1717652118.94201,-1.28547,-1.07804,-1.11729,-73.305,572.657,670.704,-0,0,-0,0,0,0,0,0,0,0,0,0,0,0,0,0,0,0,0,0,0,0.0438831,0.0961666,0.0881918,0.0884599,0.20281,0.123324,0.0674776,0.213869,0.14356,
1717652119.14188,-1.28547,-1.07816,-1.11741,-73.3428,572.658,670.707,-0,0,-0,0,0,0,0,0,0,0,0,0,0,0,0,0,0,0,0,0,0,0.0438831,0.0961666,0.0881918,0.0884599,0.20281,0.123324,0.0674776,0.213869,0.14356,
1717652119.34198,-1.28547,-1.07807,-1.11727,-73.296,572.658,670.697,-0,0,-0,0,0,0,0,0,0,0,0,0,0,0,0,0,0,0,0,0,0,0.0438831,0.0961666,0.0881918,0.0884599,0.20281,0.123324,0.0674776,0.213869,0.14356,
1717652119.5419,-1.28546,-1.07817,-1.11742,-73.3435,572.663,670.7,-0,0,-0,0,0,0,0,0,0,0,0,0,0,0,0,0,0,0,0,0,0,0.0438831,0.0961666,0.0881918,0.0884599,0.20281,0.123324,0.0674776,0.213869,0.14356,
1717652119.74201,-1.28549,-1.07805,-1.11727,-73.2948,572.655,670.708,-0,0,-0,0,0,0,0,0,0,0,0,0,0,0,0,0,0,0,0,0,0,0.0438831,0.0961666,0.0881918,0.0884599,0.20281,0.123324,0.0674776,0.213869,0.14356,
1717652119.94187,-1.28546,-1.07819,-1.11743,-73.3474,572.656,670.703,-0,0,-0,0,0,0,0,0,0,0,0,0,0,0,0,0,0,0,0,0,0,0.0438831,0.0961666,0.0881918,0.0884599,0.20281,0.123324,0.0674776,0.213869,0.14356,
1717652120.142,-1.28543,-1.07806,-1.11731,-73.3147,572.668,670.689,-0,0,-0,0,0,0,0,0,0,0,0,0,0,0,0,0,0,0,0,0,0,0.0438831,0.0961666,0.0881918,0.0884599,0.20281,0.123324,0.0674776,0.213869,0.14356,
1717652120.34196,-1.28546,-1.078,-1.11733,-73.3308,572.662,670.702,-0,0,-0,0,0,0,0,0,0,0,0,0,0,0,0,0,0,0,0,0,0,0.0438831,0.0961666,0.0881918,0.0884599,0.20281,0.123324,0.0674776,0.213869,0.14356,
1717652120.54201,-1.28541,-1.07809,-1.1172,-73.2664,572.679,670.66,-0,0,-0,0,0,0,0,0,0,0,0,0,0,0,0,0,0,0,0,0,0,0.0438831,0.0961666,0.0881918,0.0884599,0.20281,0.123324,0.0674776,0.213869,0.14356,
1717652120.74197,-1.2854,-1.07809,-1.11726,-73.294,572.681,670.662,-0,0,-0,0,0,0,0,0,0,0,0,0,0,0,0,0,0,0,0,0,0,0.0438831,0.0961666,0.0881918,0.0884599,0.20281,0.123324,0.0674776,0.213869,0.14356,
1717652120.94198,-1.28547,-1.07806,-1.11724,-73.2813,572.664,670.696,-0,0,-0,0,0,0,0,0,0,0,0,0,0,0,0,0,0,0,0,0,0,0.0438831,0.0961666,0.0881918,0.0884599,0.20281,0.123324,0.0674776,0.213869,0.14356,
1717652121.14189,-1.28541,-1.07812,-1.11725,-73.2826,572.684,670.672,-0,0,-0,0,0,0,0,0,0,0,0,0,0,0,0,0,0,0,0,0,0,0.0438831,0.0961666,0.0881918,0.0884599,0.20281,0.123324,0.0674776,0.213869,0.14356,
1717652121.34189,-1.28545,-1.0781,-1.11714,-73.242,572.678,670.673,-0,0,-0,0,0,0,0,0,0,0,0,0,0,0,0,0,0,0,0,0,0,0.0438831,0.0961666,0.0881918,0.0884599,0.20281,0.123324,0.0674776,0.213869,0.14356,
1717652121.54198,-1.28541,-1.07808,-1.11724,-73.2889,572.686,670.669,-0,0,-0,0,0,0,0,0,0,0,0,0,0,0,0,0,0,0,0,0,0,0.0438831,0.0961666,0.0881918,0.0884599,0.20281,0.123324,0.0674776,0.213869,0.14356,
1717652121.74197,-1.28547,-1.07817,-1.11741,-73.3393,572.655,670.7,-0,0,-0,0,0,0,0,0,0,0,0,0,0,0,0,0,0,0,0,0,0,0.0438831,0.0961666,0.0881918,0.0884599,0.20281,0.123324,0.0674776,0.213869,0.14356,
1717652121.94199,-1.28553,-1.07814,-1.11738,-73.3299,572.642,670.723,-0,0,-0,0,0,0,0,0,0,0,0,0,0,0,0,0,0,0,0,0,0,0.0438831,0.0961666,0.0881918,0.0884599,0.20281,0.123324,0.0674776,0.213869,0.14356,
1717652122.14189,-1.28545,-1.07803,-1.11726,-73.3024,572.669,670.686,-0,0,-0,0,0,0,0,0,0,0,0,0,0,0,0,0,0,0,0,0,0,0.0438831,0.0961666,0.0881918,0.0884599,0.20281,0.123324,0.0674776,0.213869,0.14356,
1717652122.34189,-1.28547,-1.07817,-1.11742,-73.3488,572.66,670.706,-0,0,-0,0,0,0,0,0,0,0,0,0,0,0,0,0,0,0,0,0,0,0.0438831,0.0961666,0.0881918,0.0884599,0.20281,0.123324,0.0674776,0.213869,0.14356,
1717652122.54188,-1.28548,-1.07814,-1.11728,-73.2861,572.659,670.697,-0,0,-0,0,0,0,0,0,0,0,0,0,0,0,0,0,0,0,0,0,0,0.0438831,0.0961666,0.0881918,0.0884599,0.20281,0.123324,0.0674776,0.213869,0.14356,
1717652122.74187,-1.28548,-1.07822,-1.11742,-73.3345,572.651,670.7,-0,0,-0,0,0,0,0,0,0,0,0,0,0,0,0,0,0,0,0,0,0,0.0438831,0.0961666,0.0881918,0.0884599,0.20281,0.123324,0.0674776,0.213869,0.14356,
1717652122.94198,-1.28547,-1.07808,-1.11731,-73.304,572.662,670.695,-0,0,-0,0,0,0,0,0,0,0,0,0,0,0,0,0,0,0,0,0,0,0.0438831,0.0961666,0.0881918,0.0884599,0.20281,0.123324,0.0674776,0.213869,0.14356,
1717652123.14194,-1.28542,-1.07804,-1.11729,-73.3125,572.676,670.678,-0,0,-0,0,0,0,0,0,0,0,0,0,0,0,0,0,0,0,0,0,0,0.0438831,0.0961666,0.0881918,0.0884599,0.20281,0.123324,0.0674776,0.213869,0.14356,
1717652123.34188,-1.2855,-1.07804,-1.11724,-73.2843,572.655,670.701,-0,0,-0,0,0,0,0,0,0,0,0,0,0,0,0,0,0,0,0,0,0,0.0438831,0.0961666,0.0881918,0.0884599,0.20281,0.123324,0.0674776,0.213869,0.14356,
1717652123.54188,-1.28549,-1.07824,-1.11744,-73.3377,572.656,670.704,-0,0,-0,0,0,0,0,0,0,0,0,0,0,0,0,0,0,0,0,0,0,0.0438831,0.0961666,0.0881918,0.0884599,0.20281,0.123324,0.0674776,0.213869,0.14356,
1717652123.74184,-1.28543,-1.07815,-1.11742,-73.3532,572.669,670.69,-0,0,-0,0,0,0,0,0,0,0,0,0,0,0,0,0,0,0,0,0,0,0.0438831,0.0961666,0.0881918,0.0884599,0.20281,0.123324,0.0674776,0.213869,0.14356,
1717652123.94199,-1.28544,-1.07808,-1.11723,-73.2828,572.671,670.68,-0,0,-0,0,0,0,0,0,0,0,0,0,0,0,0,0,0,0,0,0,0,0.0438831,0.0961666,0.0881918,0.0884599,0.20281,0.123324,0.0674776,0.213869,0.14356,
1717652124.142,-1.28542,-1.07807,-1.11731,-73.3095,572.671,670.679,-0,0,-0,0,0,0,0,0,0,0,0,0,0,0,0,0,0,0,0,0,0,0.0438831,0.0961666,0.0881918,0.0884599,0.20281,0.123324,0.0674776,0.213869,0.14356,
1717652124.34197,-1.28544,-1.07806,-1.11727,-73.2951,572.668,670.687,-0,0,-0,0,0,0,0,0,0,0,0,0,0,0,0,0,0,0,0,0,0,0.0438831,0.0961666,0.0881918,0.0884599,0.20281,0.123324,0.0674776,0.213869,0.14356,
1717652124.54195,-1.28549,-1.07809,-1.11724,-73.275,572.66,670.696,-0,0,-0,0,0,0,0,0,0,0,0,0,0,0,0,0,0,0,0,0,0,0.0438831,0.0961666,0.0881918,0.0884599,0.20281,0.123324,0.0674776,0.213869,0.14356,
1717652124.742,-1.28557,-1.07827,-1.11734,-73.286,572.639,670.727,-0,0,-0,0,0,0,0,0,0,0,0,0,0,0,0,0,0,0,0,0,0,0.0438831,0.0961666,0.0881918,0.0884599,0.20281,0.123324,0.0674776,0.213869,0.14356,
1717652124.94188,-1.2854,-1.07811,-1.11721,-73.2712,572.686,670.662,-0,0,-0,0,0,0,0,0,0,0,0,0,0,0,0,0,0,0,0,0,0,0.0438831,0.0961666,0.0881918,0.0884599,0.20281,0.123324,0.0674776,0.213869,0.14356,
1717652125.14197,-1.28544,-1.07808,-1.1173,-73.3077,572.664,670.682,-0,0,-0,0,0,0,0,0,0,0,0,0,0,0,0,0,0,0,0,0,0,0.0438831,0.0961666,0.0881918,0.0884599,0.20281,0.123324,0.0674776,0.213869,0.14356,
1717652125.342,-1.2854,-1.07808,-1.11724,-73.2866,572.68,670.658,-0,0,-0,0,0,0,0,0,0,0,0,0,0,0,0,0,0,0,0,0,0,0.0438831,0.0961666,0.0881918,0.0884599,0.20281,0.123324,0.0674776,0.213869,0.14356,
1717652125.542,-1.28541,-1.07807,-1.11725,-73.2918,572.677,670.672,-0,0,-0,0,0,0,0,0,0,0,0,0,0,0,0,0,0,0,0,0,0,0.0438831,0.0961666,0.0881918,0.0884599,0.20281,0.123324,0.0674776,0.213869,0.14356,
1717652125.74183,-1.28545,-1.07802,-1.11736,-73.3404,572.664,670.692,-0,0,-0,0,0,0,0,0,0,0,0,0,0,0,0,0,0,0,0,0,0,0.0438831,0.0961666,0.0881918,0.0884599,0.20281,0.123324,0.0674776,0.213869,0.14356,
